Destruction Derby 2 para PlayStation 1/ps1;15,99 EUR;Envío no especificado;Vendidos  2 oct 2021Artículo vendido;desde Alemania;
Destruction Derby 2-PS1 (Playstation 1) Caja Grande-COMPLETO (PAL) Black Label;14,87 EUR;Envío no especificado;Vendidos  27 sep 2021Artículo vendido;desde Reino Unido;
Destruction Derby 2 para SONY PLAYSTATION 1 PS1 completo con Libre Reino Unido P&p;11,66 EUR;+ 16,60 EUR de envío estimado;Vendidos  16 sep 2021Artículo vendido;desde Reino Unido;
Destruction Derby 2 Platinum (Playstation);12,60 EUR;+ 16,61 EUR de envío estimado;Vendidos  11 sep 2021Artículo vendido;desde Reino Unido;
Destruction Derby 2 PS1 PlayStation 1 PAL Juego Completo Original Caja Grande Racer;12,78 EUR;+ 16,61 EUR de envío estimado;Vendidos  8 sep 2021Artículo vendido;desde Reino Unido;
Destruction Derby 2 Platinum PS1 PlayStation 1 COMPLETO PAL;10,50 EUR;+ 16,58 EUR de envío estimado;Vendidos  4 sep 2021Artículo vendido;desde Reino Unido;
Destruction Derby 2 PS1 (COMPLETO) Sony PlayStation Rara Caja Grande Black Label;13,53 EUR;+ 16,64 EUR de envío estimado;Vendidos  4 sep 2021Artículo vendido;desde Reino Unido;
Destruction Derby 2 dos PS1 PS2 PS3 PLAYSTATION juego de conducción juego de carreras de batalla;10,45 EUR;+ 14,01 EUR de envío;Vendidos  3 sep 2021Artículo vendido;desde Reino Unido;
Destruction Derby 2 Sony Playstation 1 Ps1;22,90 EUR;Envío no especificado;Vendidos  1 sep 2021Artículo vendido;desde Italia;
Destruction Derby 2-Platinum Edition-Completo-Sony PlayStation 1 PAL;10,39 EUR;+ 16,58 EUR de envío estimado;Vendidos  27 ago 2021Artículo vendido;desde Reino Unido;
Destruction Derby 2-Platinum Edition-Completo-Sony PlayStation 1 PAL;10,50 EUR;+ 16,58 EUR de envío estimado;Vendidos  21 ago 2021Artículo vendido;desde Reino Unido;
Destruction Derby 2 Caja Grande Caja Grande Original Completo-PlayStation 1 PS1 PAL;11,66 EUR;+ 16,60 EUR de envío estimado;Vendidos  16 ago 2021Artículo vendido;desde Reino Unido;
Destruction Derby 2 PLAYSTATION 1 PS1/PS2 & PS3 disco de juego solamente;5,78 EUR;+ 16,50 EUR de envío estimado;Vendidos  10 ago 2021Artículo vendido;desde Reino Unido;
Destruction Derby 2 (Platinum)/disco solamente/Playstation 1 PS1 PS2;5,73 EUR;+ 16,49 EUR de envío estimado;Vendidos  9 ago 2021Artículo vendido;desde Reino Unido;
Destruction Derby 2 - PS1 Loose Version Française Platinum PlayStation;11,95 EUR;+ 8,00 EUR de envío;Vendidos  18 jul 2021Artículo vendido;desde Francia;
