Civilization II 2 PS1 (con manual) Black Label estrategia Sony Playstation Raro;9,22 EUR;+ 18,69 EUR de envío estimado;Vendidos  11 sep 2021Artículo vendido;desde Reino Unido;
Sid Meier's Civilization II ps1 PlayStation 1;9,99 EUR;+ 4,00 EUR de envío;Vendidos  8 sep 2021Artículo vendido;desde Alemania;
Civilization II 2 PS1 (con manual) Black Label estrategia Sony Playstation;9,33 EUR;+ 16,56 EUR de envío estimado;Vendidos  7 sep 2021Artículo vendido;desde Reino Unido;
Civilization II para PlayStation 1/ps1 #2;5,99 EUR;+ 9,99 EUR de envío;Vendidos  3 sep 2021Artículo vendido;desde Alemania;
PlayStation ps1-Civilization II 2-completamente en OVP;7,99 EUR;+ 4,00 EUR de envío;Vendidos  28 ago 2021Artículo vendido;desde Alemania;
Civilization II Sony PlayStation Civilization 2 PS 1 colección PSX resolución cib;7,50 EUR;+ 7,50 EUR de envío;Vendidos  22 ago 2021Artículo vendido;desde Alemania;
Civilization II para PlayStation 1 ps1 PSOne PSX * embalaje original *;7,99 EUR;Envío no especificado;Vendidos  15 ago 2021Artículo vendido;desde Alemania;
Civilization II 2 Completo PS1 Playstation 1 COMPLETO PAL Condición De Coleccionistas;14,00 EUR;+ 16,64 EUR de envío estimado;Vendidos  6 ago 2021Artículo vendido;desde Reino Unido;
Sid Meier's Civilization II | Playstation PS1 PAL | Completo;16,33 EUR;Envío no especificado;Vendidos  24 jul 2021Artículo vendido;desde Reino Unido;
Civilization II 2 PS1 Sony Playstation Completo Con Mapa;4,66 EUR;+ 34,75 EUR de envío estimado;Vendidos  13 jul 2021Artículo vendido;desde Reino Unido;
Civilization II 2 (Sony PlayStation 1,1998) PS1 Completo Muy Buen Estado;21,52 EUR;Envío gratis;Vendidos  26 sep 2021Artículo vendido;desde Estados Unidos;
Civilization II 2 (Sony PlayStation 1 PS1, 1998) Completo Cartucho en Caja probado y limpiado!;23,27 EUR;Envío gratis;Vendidos  20 sep 2021Artículo vendido;desde Estados Unidos;
Civilization II (Sony Playstation 1) PS1 CIB Complete Game - 2;17,67 EUR;+ 10,18 EUR de envío;Vendidos  8 sep 2021Artículo vendido;desde Canadá;
Civilization II 2 (Sony PlayStation 1 PS1) completa probada gran condición;21,55 EUR;Envío gratis;Vendidos  3 sep 2021Artículo vendido;desde Estados Unidos;
Sid Meier's Civilization II conflictos en la civilización escenarios CD ROM Epping;5,84 EUR;+ 24,70 EUR de envío estimado;Vendidos  27 jul 2021Artículo vendido;desde Reino Unido;
Sid Meier's Civilization II (Pc Cd-rom) CIV 2 Caja Grande;17,51 EUR;+ 24,91 EUR de envío estimado;Vendidos  30 jul 2021Artículo vendido;desde Reino Unido;
Sid Meier's Civilization II PC CD ROM Caja Grande Original Manual civilización CIV 2;23,29 EUR;+ 25,25 EUR de envío estimado;Vendidos  13 ago 2021Artículo vendido;desde Reino Unido;
Microprose Sid Meier's Civilization II PC CD-ROM de caja grande;17,51 EUR;+ 20,44 EUR de envío estimado;Vendidos  4 ago 2021Artículo vendido;desde Reino Unido;
