FIFA 2000, 2001 y 2002/disco y manual paquete Playstation 1 PS1 PS2;7,15 EUR;+ 16,52 EUR de envío estimado;Vendidos  23 sep 2021Artículo vendido;desde Reino Unido;
FIFA 2000-Sony PlayStation 1-PAL Reino Unido PS1 completo y GRATIS UK FRANQUEO;8,16 EUR;+ 16,53 EUR de envío estimado;Vendidos  14 sep 2021Artículo vendido;desde Reino Unido;
FIFA 2000 libretto manuale per Sony PlayStation 1 italiano originale PS1 ;2,99 EUR;+ 18,00 EUR de envío;Vendidos  13 sep 2021Artículo vendido;desde Italia;
FIFA 2000 (PlayStation 1);1,17 EUR;+ 9,92 EUR de envío;Vendidos  10 sep 2021Artículo vendido;desde Reino Unido;
FIFA 2000 PS1, PS, PlayStation 1 juego con One Manual;5,78 EUR;+ 18,63 EUR de envío estimado;Vendidos  7 sep 2021Artículo vendido;desde Reino Unido;
PLAYSTATION PS1 Juego: FIFA 2000 ONE: Impecable, Nuevo Y Sellado;66,55 EUR;+ 22,30 EUR de envío estimado;Vendidos  5 sep 2021Artículo vendido;desde Reino Unido;
FIFA 2000-Sony PlayStation 1-PAL Reino Unido PS1 Con Manual;5,78 EUR;+ 8,76 EUR de envío;Vendidos  3 sep 2021Artículo vendido;desde Reino Unido;
FIFA 2000 Sony PlayStation One (probados) EA Sports 1999;1,40 EUR;+ 32,92 EUR de envío estimado;Vendidos  26 ago 2021Artículo vendido;desde Reino Unido;
FIFA 2000-Sony PlayStation 1 PS1 suministra completo (FREEPOST);2,86 EUR;+ 16,44 EUR de envío estimado;Vendidos  20 ago 2021Artículo vendido;desde Reino Unido;
El proyecto 5199-PlayStation FIFA 2000-Cd;1,17 EUR;+ 32,87 EUR de envío estimado;Vendidos  8 ago 2021Artículo vendido;desde Reino Unido;
Playstation 1 ps1 FIFA 2000 disco es excelente sin rasguños;6,41 EUR;Envío no especificado;Vendidos  7 ago 2021Artículo vendido;desde Reino Unido;
FIFA 2000 En Caja Y Completo Sony PlayStation 1 PS1 Juego;2,91 EUR;+ 18,19 EUR de envío estimado;Vendidos  5 ago 2021Artículo vendido;desde Reino Unido;
FIFA 2000-Sony PlayStation PS1 Juego-Completo envío gratuito;5,78 EUR;+ 16,50 EUR de envío estimado;Vendidos  1 ago 2021Artículo vendido;desde Reino Unido;
FIFA 2000 PlayStation 1;4,67 EUR;+ 20,56 EUR de envío estimado;Vendidos  30 jul 2021Artículo vendido;desde Reino Unido;
FIFA 2000 Juego Para SONY PLAYSTATION/PS1 probado ONE y Rápido Post;2,04 EUR;+ 14,01 EUR de envío;Vendidos  20 jul 2021Artículo vendido;desde Reino Unido;
FIFA 2000 PS1 disco de juego solamente SONY PLAYSTATION caso de reemplazo probado ONE;2,63 EUR;Envío no especificado;Vendidos  18 jul 2021Artículo vendido;desde Reino Unido;
FIFA 2000-PS1 Juego-PlayStation 1-viene Con Manual;1,16 EUR;+ 32,49 EUR de envío estimado;Vendidos  12 jul 2021Artículo vendido;desde Reino Unido;
