Dare Devil Derby 3D (Sony PlayStation 1, 1996);10,35 EUR;+ 7,93 EUR de envío;desde Estados Unidos;
Dare Devil Derby 3D (PlayStation 1) PS1 Cartucho Completo En Caja;13,79 EUR;+ 2,75 EUR de envío;desde Estados Unidos;
Raro Sony Playstation PS1 auténtico Dare Devil Derby 3D Cartucho Completo En Caja Probado difícil de encontrar!;6,03 EUR;+ 2,58 EUR de envío;desde Estados Unidos;
Dare Devil Derby 3D (Sony PlayStation 1, 1996);8,61 EUR;Envío gratis;desde Estados Unidos;
Dare Devil Derby 3D (Sony PlayStation 1, 1996) - PS1. Disco Solamente ENVÍO GRATIS!!!;4,29 EUR;Envío gratis;desde Estados Unidos;
Dare Devil Derby 3D Sony PlayStation 1 PS1 completa Probada Funciona;9,49 EUR;Envío gratis;desde Estados Unidos;
Dare Devil Derby 3D (Sony PlayStation 1, 1996) PS1 Juego Completo ~ ~ Probado;7,75 EUR;Envío gratis;desde Estados Unidos;
Dare Devil Derby 3D (Sony PlayStation) PS1;3,41 EUR;+ 4,27 EUR de envío;desde Estados Unidos;
Dare Devil Derby 3D (Sony PlayStation 1, PS1) Disco Solamente;4,30 EUR;Envío gratis;desde Estados Unidos;
Dare Devil Derby 3D (Sony PlayStation 1, PS1) * disco solamente * sin seguimiento;4,73 EUR;Envío gratis;desde Estados Unidos;
Dare Devil Derby 3D (Sony PlayStation 1, 1996) ps1 Nuevo;25,83 EUR;+ 4,30 EUR de envío;desde Estados Unidos;
Dare Devil Derby 3D (Sony PlayStation 1, 1996);8,62 EUR;+ 4,31 EUR de envío;desde Estados Unidos;
Dare Devil Derby 3D (Sony PlayStation 1, 1996);3,45 EUR;+ 3,45 EUR de envío;desde Estados Unidos;
Dare Devil Derby 3D: para PlayStation 1 PS1 Racing 1E;5,31 EUR;Envío gratis;desde Estados Unidos;
Dare Devil Derby 3D (Playstation 1 PS1) Nueva, Sellado De Fábrica;43,07 EUR;Envío gratis;desde Estados Unidos;
Dare Devil Derby 3D (Sony PlayStation 1, 1996) PS1 completa probada Retro Racing;8,58 EUR;Envío gratis;desde Estados Unidos;
Dare Devil Derby 3D Playstation 1 PS1 Good Condition Tested manual included;5,12 EUR;+ 9,52 EUR de envío;desde Canadá;
Dare Devil Derby 3D (Sony PlayStation 1, PS1);7,74 EUR;Envío gratis;desde Estados Unidos;
Dare Devil Derby 3D (Sony PlayStation 1, 1996) - PS1 Completa;6,47 EUR;+ 2,59 EUR de envío;desde Estados Unidos;
Dare Devil Derby 3D (Sony PlayStation) PS1 Completa!;5,17 EUR;+ 3,45 EUR de envío;desde Estados Unidos;
Dare Devil Derby 3D (Sony PlayStation 1, 1996) completo.. roto en la parte delantera;7,75 EUR;Envío gratis;desde Estados Unidos;
Dare Devil Derby 3D (Sony PlayStation 1, PS1) Disco Solamente;4,99 EUR;Envío gratis;desde Estados Unidos;
Playstation 1 PS1 videojuego Lote de 3-a Bugs Life, Dare Devil Derby 3D, Demo;12,93 EUR;Envío gratis;desde Estados Unidos;
Dare Devil Derby 3D (PlayStation PS1) disco y Estuche y trasero sólo-Probado/Obras De Arte;3,02 EUR;+ 4,40 EUR de envío;desde Estados Unidos;
Dare Devil Derby 3D (Playstation PS1) Juegos totalmente nuevo, sellado de fábrica!;34,45 EUR;+ 4,74 EUR de envío;desde Estados Unidos;
RC helicóptero, conductor & Dare Devil Derby 3D PS1 Sony Playstation 1-Completo;11,20 EUR;+ 3,88 EUR de envío;desde Estados Unidos;
Dare Devil Derby 3D Sony Playstation 1 PS1 ex + cerca de nuevo, sin usar Completa!;10,34 EUR;Envío gratis;desde Estados Unidos;
Dare Devil Derby 3D (Sony PlayStation 1, 1996) - PS1 completa probada de trabajo;8,61 EUR;Envío gratis;desde Estados Unidos;
Dare Devil Derby 3D (Sony PlayStation 1, 1996) - PS1 Completa;6,86 EUR;+ 4,44 EUR de envío;desde Estados Unidos;
Dare Devil Derby 3D Para Sony Playstation/PSOne;12,32 EUR;Envío gratis;desde Estados Unidos;
Dare Devil Derby 3D (Sony PlayStation 1, PS1) Disco Solamente;3,41 EUR;+ 2,54 EUR de envío;desde Estados Unidos;
Dare Devil Derby 3D (Sony PlayStation 1, PS1) disco y solo manual;3,44 EUR;+ 3,84 EUR de envío;desde Estados Unidos;
Dare Devil Derby 3D (Sony PlayStation 1, 1996);5,13 EUR;+ 4,57 EUR de envío;desde Estados Unidos;
Dare Devil Derby 3D (Sony PlayStation 1, 1996) PS1 completa probada Funcionando (017);9,48 EUR;Envío gratis;desde Estados Unidos;
Dare Devil Derby 3D: para PlayStation 1 PS1 Racing;10,78 EUR;Envío gratis;desde Estados Unidos;
Dare Devil Derby 3D (Sony PlayStation 1, 1996);7,72 EUR;+ 3,41 EUR de envío;desde Estados Unidos;
Dare Devil Derby 3D (Sony Playstation 1, 1996) PS1 Black Label Completo Exc!;5,13 EUR;+ 4,74 EUR de envío;desde Estados Unidos;
Dare Devil Derby 3D - Ps1 ( Sony Playstation 1 ) Complete W/box & Manual !;14,28 EUR;+ 2,03 EUR de envío;desde Canadá;
Dare Devil Derby 3D (Sony PlayStation 1, 1996);6,89 EUR;+ 3,44 EUR de envío;desde Estados Unidos;
