PROMO CARTE PSN 12 MOIS D'ABONNEMENT SONY PLAYSTATION PLUS PS4 & PS5 NEUVE PROMO;44,99 EUR;+ 5,00 EUR de envío;desde Francia;
Playstation 1 PS1 XStation Oda Montaje/bandeja con extensión de tarjeta SD;19,84 EUR;+ 6,99 EUR de envío;desde Reino Unido;
Carte PlayStation Plus - 12 Mois D'abonnement - Neuf;49,90 EUR;+ 3,00 EUR de envío;desde Francia;
Sony PlayStation 5 Disco Edition + extra DualSense + 3D Pulse Auricular;805,52 EUR;+ 93,33 EUR de envío estimado;desde Reino Unido;
Nuevo anuncioSony Playstation 2 Initial D especial etapa NTSC-J Import;21,00 EUR;+ 19,68 EUR de envío estimado;desde Reino Unido;
Playstation 4-DUSK DIVER D1 ED GAME NUOVO;17,22 EUR;+ 3,00 EUR de envío;desde Reino Unido;
D-SURVIVAL HORROR PARA SONY PS1 PLAYSTATION 1 completa Akklaim;87,56 EUR;+ 26,77 EUR de envío estimado;desde Reino Unido;
ODDWORLD : L ODYSSEE D ABE PLATINUM PLAYSTATION 1 (PS1) PAL-FR NEUF - BRAND NEW ;90,39 EUR;+ 30,00 EUR de envío;desde Francia;
Sony Playstation Console y controlador 3D KE8802 Gris Unisex Llavero de goma;15,12 EUR;+ 16,66 EUR de envío estimado;desde Reino Unido;
SONY PS1 Playstation - Initial D - THE BEST Versión JAPÓN con SPINE CARD;22,90 EUR;+ 17,90 EUR de envío;desde España;
Console Psp Sony Playstation Portable 1004 Noire -5.50 GEN D-3 Carte Mémoire 8go;59,99 EUR;Envío no especificado;desde Francia;
Juego de video PS5 - 3D Mini Golf PS5 PlayStation 5 Totalmente Nuevo Sellado Juego De Video;24,51 EUR;Envío no especificado;desde Reino Unido;
Sony PS1 PLAYSTATION 1 - Xevious 3D/G+ Namco Version Japon;29,90 EUR;+ 17,90 EUR de envío;desde España;
SONY PLAYSTATION 2 PS2 - Initial D Special Stage - JAPAN VERSION SEGA;32,90 EUR;+ 17,90 EUR de envío;desde España;
SONY PLAYSTATION 2 PS2 - Hanjuku Eiyuu Tai 3D - JAPAN VERSION SQUARE ENIX;9,90 EUR;+ 17,90 EUR de envío;desde España;
D - PlayStation, PSOne, Kenji Eno;45,00 EUR;Envío no especificado;desde España;
Sony PlayStation 5 | PS5 Disco Edition + pulso 3D Auriculares | Nuevo | pedido previo;753,03 EUR;+ 116,79 EUR de envío estimado;desde Reino Unido;
Sony PlayStation 1 Consola-Personalizado R2D2 Star Wars PS1 audiófilo Versión PAL;81,71 EUR;+ 36,89 EUR de envío estimado;desde Reino Unido;
Sony PlayStation PlayStation PS Vita Soporte De Tv - 3D Impreso;29,18 EUR;+ 30,16 EUR de envío estimado;desde Reino Unido;
Sony PSP PlayStation Portable 2000/3000 - 3D Negro Soporte impreso;10,50 EUR;+ 21,28 EUR de envío estimado;desde Reino Unido;
3D Dot Game Heroes (Sony PlayStation 3, 2010);59,50 EUR;Envío internacional gratis;desde Rusia;
Playstation PS1 - ZXE-D: LEGEND OF PLASMALITE Bandai Japon;119,90 EUR;+ 17,90 EUR de envío;desde España;
Xevious 3D/G+ - alquiler copia PlayStation 1 PS1 | thegameworld;24,75 EUR;+ 16,84 EUR de envío estimado;desde Reino Unido;
Sony PS Vita PlayStation Vita PSV 1000 - 3D Negro Soporte impreso;10,50 EUR;+ 21,28 EUR de envío estimado;desde Reino Unido;
Sony PSP PlayStation Portable Go PSPGO PSP - 3D Negro Soporte impreso GO;10,50 EUR;+ 21,28 EUR de envío estimado;desde Reino Unido;
3D Dot Game Heroes-Playstation 3-Excelente Estado-PS3;100,39 EUR;+ 26,41 EUR de envío estimado;desde Reino Unido;
Killzone Shadow Fall Edición Limitada Steelbook-Sony PS4 Playstation 4 Libre D;11,66 EUR;+ 16,60 EUR de envío estimado;desde Reino Unido;
Sony Playstation PS1 SCPH - 9002 con paquete de juegos PAL probado Tomb Raider 3D Pool;38,52 EUR;+ 49,08 EUR de envío estimado;desde Reino Unido;
Nuevo anuncioWayne Gretzky's 3D Hockey'98-Playstation 1 juego, Sony Playstation One, Ps1;15,17 EUR;+ 16,66 EUR de envío estimado;desde Reino Unido;
PITFALL 3D BEYOND THE JUNGLE (PAL) - SONY PLAYSTATION 1 PS1 * Mejores Ofertas * Seguimiento;10,51 EUR;+ 8,17 EUR de envío;desde Portugal;
Playstation PS1 - Pachi-Slot Teiou: D-Train Pegasus Media Entertainment Japon;34,90 EUR;+ 17,90 EUR de envío;desde España;
3D Mini Golf | PS5 PlayStation 5 Nuevo;23,34 EUR;+ 9,34 EUR de envío;desde Reino Unido;
Future Cop LAPD Playstation 1 juego PAL ps1 L.A.P.D.;52,53 EUR;+ 19,67 EUR de envío estimado;desde Reino Unido;
Sony PS1 PlayStation 1 Juego - 3D Impreso Stand Psone;10,50 EUR;+ 21,28 EUR de envío estimado;desde Reino Unido;
Initial D - Playstation PS1 JAP Japan complet;18,90 EUR;+ 11,00 EUR de envío;desde Francia;
Casper PS1 PlayStation 1 PAL JUEGO COMPLETO RARO Haunting desafío 3D;23,29 EUR;+ 9,34 EUR de envío;desde Reino Unido;
D.C. II P.S. DX Pack Deluxe da capo PS2 Sony Playstation NTSC-J Japonés Importado;35,01 EUR;+ 19,36 EUR de envío estimado;desde Reino Unido;
Sony PSP PlayStation Portable 2000/3000 extendido BATT - 3D Negro Soporte impreso;10,50 EUR;+ 21,28 EUR de envío estimado;desde Reino Unido;
Uncharted 4 un ladrón's End PS4 Playstation 4 (D) ** GRATIS UK FRANQUEO **;8,39 EUR;+ 2,92 EUR de envío;desde Reino Unido;
Gear Fighter Dendoh ps1 PlayStation 1 NTSC-J jpn jap 2d + 3d Action Gem;69,99 EUR;+ 7,99 EUR de envío;desde Alemania;
Sony Playstation Vita PSV 10 X Juego/2 titular de la tarjeta de Memoria-soporte 3D Impreso;9,33 EUR;+ 21,26 EUR de envío estimado;desde Reino Unido;
Sony PS Vita PlayStation Vita PSV 2000 - 3D Negro Soporte impreso;10,50 EUR;+ 21,28 EUR de envío estimado;desde Reino Unido;
Simple 2000 Vol.95 The Zombie y Eddie ambulancia PS2 D 3 Publisher PlayStation 2 Japón;28,01 EUR;+ 18,68 EUR de envío estimado;desde Reino Unido;
Civilization Revolution PS3 PLAYSTATION 3 Sid Meier (D);16,61 EUR;Envío internacional gratis;desde Reino Unido;
Bombero F.D.18 PS2 Sony Playstation 2 Juego PAL Reino Unido completa;30,34 EUR;+ 21,65 EUR de envío estimado;desde Reino Unido;
Sony PSP Playstation Portable - EARTH DEFENSE FORCES 2 Portable D3Publisher;17,90 EUR;+ 17,90 EUR de envío;desde España;
