Final Fantasy Origins | PlayStation 1 | ps1 | PS x | ps one | usado en OVP;64,99 EUR;+ 15,00 EUR de envío;desde Alemania;
Final Fantasy Origins ~ ~ ~ Playstation ~ en muy buena condición ps1 Arte Tarjetas Y Manual Incluido;35,01 EUR;+ 19,35 EUR de envío estimado;desde Reino Unido;
Final Fantasy Origins Vga 95-Pal-UK Sony Playstation 1 PSX VI VII Nuevo Sellado;3.502,51 EUR;+ 0,01 EUR de envío;desde Australia;
Final Fantasy Origins PS1 PLAYSTATION Juego-Sin Manual;46,64 EUR;+ 17,23 EUR de envío estimado;desde Reino Unido;
Final Fantasy Origins PS1 Playstation 1 Juego Con Manual Coleccionistas obras de arte Menta;75,88 EUR;+ 22,47 EUR de envío estimado;desde Reino Unido;
Final Fantasy Origins! nuevo! NTSC-u/C us Estados Unidos Sony PlayStation ps1 Wata VGA Ready;79,99 EUR;+ 7,99 EUR de envío;desde Alemania;
Final Fantasy Origins. Vga oro 85+. PS1 Juego. nuevo Y Sellado (PlayStation One);1.629,78 EUR;+ 23,29 EUR de envío;desde Reino Unido;
Final Fantasy Origins Sony Playstation * nuevo *;61,99 EUR;+ 5,84 EUR de envío;desde Suecia;
Final Fantasy Origins FF ps1 PlayStation 1 PSX PAL de como nuevo;129,90 EUR;+ 10,00 EUR de envío;desde Alemania;
Final Fantasy Origins: FF1 y FF2. PS1 Juegos. como Nuevo (PlayStation One. PAL);115,29 EUR;+ 18,39 EUR de envío;desde Reino Unido;
Final Fantasy Origins Sony PlayStation 1 Nuevo y sellado menta;210,14 EUR;+ 34,39 EUR de envío estimado;desde Reino Unido;
PS1 / Sony Playstation 1 - Final Fantasy Origins en el embalaje usado COMO NUEVO;128,99 EUR;+ 69,99 EUR de envío;desde Alemania;
Final Fantasy Origins [PAL-FR] - PlayStation 1 - PS1 - NEUF NEW;164,99 EUR;Envío no especificado;desde Francia;
Final Fantasy Origins 1 y 2: Bradygames estrategia guías. PS1 edición.;90,42 EUR;+ 17,45 EUR de envío;desde Reino Unido;
Final Fantasy Origins Totalmente nuevo/Sellado SONY PLAYSTATION ONE PS1 italiano;116,74 EUR;Envío no especificado;desde Reino Unido;
