Formula One 99 Video Juego Para Sony PlayStation PS1 Pal probado;4,66 EUR;+ 16,47 EUR de envío estimado;Vendidos  28 sep 2021Artículo vendido;desde Reino Unido;
PLAYSTATION PS1-F1 World Grand Prix, Formula One 99 y 2000. Lote de 3 Juegos De Trabajo;10,51 EUR;+ 14,01 EUR de envío;Vendidos  25 sep 2021Artículo vendido;desde Reino Unido;
PS1 Formula One 99 *** COMPLETE *** Playstation 1 *** PAL ***;5,00 EUR;+ 18,50 EUR de envío;Vendidos  10 sep 2021Artículo vendido;desde Bélgica;
Formula One 99 Sony Playstation 1 PS1 probado y de trabajo;5,83 EUR;+ 16,50 EUR de envío estimado;Vendidos  3 sep 2021Artículo vendido;desde Reino Unido;
Formula One 99-Psygnosis 1999-Sony Playstation 1 PS1 NTSC-J;4,66 EUR;+ 4,67 EUR de envío;Vendidos  29 ago 2021Artículo vendido;desde Reino Unido;
Formula One 99 Juego Para SONY PLAYSTATION/PS1 probado ONE y Rápido Post;2,28 EUR;+ 14,01 EUR de envío;Vendidos  24 ago 2021Artículo vendido;desde Reino Unido;
Formula One 99 PlayStation 1 PS1 Video Juego Gratis P&P;4,66 EUR;+ 16,47 EUR de envío estimado;Vendidos  12 ago 2021Artículo vendido;desde Reino Unido;
Formula One 99 Jeu Playstation 1 PS1 Complet Pal FR;4,90 EUR;+ 12,00 EUR de envío;Vendidos  23 jul 2021Artículo vendido;desde Francia;
Formula One 99-Playstation 1;2,92 EUR;+ 18,77 EUR de envío estimado;Vendidos  12 jul 2021Artículo vendido;desde Reino Unido;
Formula One 99 (Sony Playstation 1, 1999) Completo;6,46 EUR;+ 2,75 EUR de envío;Vendidos  30 ago 2021Artículo vendido;desde Estados Unidos;
Formula One 99 (Sony PlayStation 1, 1999);13,60 EUR;Envío internacional gratis;Vendidos  30 ago 2021Artículo vendido;