Disruptor Para Sony Playstation 1, PS1, Con Manual;35,01 EUR;+ 17,02 EUR de envío estimado;desde Reino Unido;
Sony PS1 Disruptor Juego Completo con Manual Caja Grande Sony PlayStation;29,19 EUR;+ 20,06 EUR de envío estimado;desde Reino Unido;
Disruptor-Sony Playstation PS1 PAL JUEGO-Big One Caja Versión;29,18 EUR;+ 21,00 EUR de envío estimado;desde Reino Unido;
PS1 / Sony Playstation 1 - Disruptor en el embalaje embalage estropeado usado;30,99 EUR;Envío internacional gratis;desde Alemania;
PS1 Disruptor Emb.orig sony PLAYSTATION 1 Superventas USK 18;15,14 EUR;Envío no especificado;desde Alemania;
PS1 / Sony Playstation 1 juego - Disruptor en el embalaje usado COMO NUEVO;47,99 EUR;Envío internacional gratis;desde Alemania;
Disruptor PS1 (Sony PlayStation 1, manual de Disco Caso 1996) COMPLETA! probado!;43,11 EUR;+ 4,48 EUR de envío;desde Estados Unidos;
Disruptor (Sony PlayStation 1, 1996) Completo;43,55 EUR;+ 5,04 EUR de envío;desde Estados Unidos;
Disruptor (Sony Playstation 1 ps1) Completa muy buena forma;56,04 EUR;Envío gratis;desde Estados Unidos;
Disco Playstation Disruptor * SOLAMENTE * * Envío Gratuito *;17,24 EUR;Envío gratis;desde Estados Unidos;
Disruptor (Sony PlayStation 1, 1996);1.552,19 EUR;+ 5,39 EUR de envío;desde Estados Unidos;
Disruptor PS1 (Sony PlayStation 1, 1996) caso disco de juego y manual Completa!;56,05 EUR;+ 6,90 EUR de envío;desde Estados Unidos;
PS1 / Playstation 1 jeu - Disruptor dans l'emballage emballage endommagé utilisé;26,99 EUR;Envío internacional gratis;desde Alemania;
Disruptor Sony PlayStation 1 PS1 ~ funciona muy bien! ~! envío rápido! ~ LQQK;21,55 EUR;Envío gratis;desde Estados Unidos;
Nuevo anuncioDisruptor PS1 (Sony PlayStation 1, manual de Disco Caso 1996) COMPLETA! probado!;41,38 EUR;+ 4,57 EUR de envío;desde Estados Unidos;
Disruptor PS1 (Sony PlayStation 1, manual de Disco Caso 1996) COMPLETA! probado!;47,43 EUR;+ 4,53 EUR de envío;desde Estados Unidos;
Disruptor (Sony PlayStation 1, 1996) Disco Solamente probado PS1;34,47 EUR;Envío gratis;desde Estados Unidos;
PS1-Disruptor Sony PlayStation 1 1996 Completa;51,64 EUR;Envío gratis;desde Estados Unidos;
Disruptor PS1 disco solamente (Sony PlayStation 1, 1996) Raro Juego De Disparos;19,69 EUR;+ 4,48 EUR de envío;desde Estados Unidos;
Disruptor PS1 Sony Original PlayStation 1 Muy Raro Disco de Juego Solamente;25,86 EUR;Envío gratis;desde Estados Unidos;
Disruptor - Sony Playstation PS1 Game - Disk Only;15,90 EUR;+ 15,65 EUR de envío;desde Australia;
Disruptor (Sony PlayStation 1, 1996) PS1 Shooter videojuego probado no manual;34,48 EUR;+ 5,17 EUR de envío;desde Estados Unidos;
Disruptor PS1 (Sony PlayStation 1, 1996) Estuche Y Disco-Sin Manual;46,52 EUR;Envío gratis;desde Estados Unidos;
Disruptor para el caso de falta PlayStation 1 (incompleto);21,56 EUR;+ 3,45 EUR de envío;desde Estados Unidos;
Disruptor (Sony PlayStation 1, 1996) Disco Solamente!;25,87 EUR;+ 7,33 EUR de envío;desde Estados Unidos;
Disruptor-PS1 Sony PlayStation-disco solamente-Probado-ver Fotos;25,86 EUR;+ 3,71 EUR de envío;desde Estados Unidos;
Disruptor (Sony PlayStation 1, 1996) Disco Solamente;21,56 EUR;Envío gratis;desde Estados Unidos;
Disruptor PS1 Playstation 1 Game + Manual PAL oz163;34,39 EUR;+ 16,90 EUR de envío;desde Australia;
Disruptor-Sony PlayStation 1-PAL-C-Ware-Ab18;34,21 EUR;Envío internacional gratis;desde Austria;
Disruptor (Sony PlayStation 1, 1996);25,87 EUR;Envío gratis;desde Estados Unidos;
Disruptor PS1 Sony PlayStation Disc sólo probado Raro Disco Como Nuevo Envío Rápido;30,17 EUR;+ 4,31 EUR de envío;desde Estados Unidos;
Pantalla Disruptor-Toys R Us tarjeta Playstation 1 PS1 - 1996 -! Raro! Vidpro;17,20 EUR;+ 4,27 EUR de envío;desde Estados Unidos;
Disruptor (Sony PlayStation 1, 1996) PS1 Nueva Vga sellado de fábrica no tiene;6.036,30 EUR;Envío internacional gratis;desde Kuwait;
Vintage 90s Disruptor PS1 Playstation T-Shirt para Hombre XL Insomniac Games PS 20D415 P;51,74 EUR;+ 3,88 EUR de envío;desde Estados Unidos;
Disruptor PS1 Sony PlayStation Disc sólo PROBADO-FUNCIONA Raro;30,17 EUR;+ 4,57 EUR de envío;desde Estados Unidos;
Disruptor PS1 Playstation 1 1996 Vintage video juego Print Ad/arte cartel oficial;12,93 EUR;desde Estados Unidos;
Disruptor PS1 Playstation 1 1996 Vintage video juego Print Ad/cartel oficial;10,34 EUR;desde Estados Unidos;
1996 Vista previa Disruptor Rio Grande Western Ferrocarril Print Ad/Cartel original PS1 Playstation 1 Pop Art;11,63 EUR;desde Estados Unidos;
PS1 Sony Playstation 1 juego Disruptor caja en caja dañada;24,51 EUR;Envío internacional gratis;desde Alemania;
PlayStation -- Disruptor -- Tarjeta de la columna vertebral. PS1. Japón. 19542 juego.;84,51 EUR;+ 8,62 EUR de envío;desde Japón;
PS1 / Playstation 1 - Disruptor nell'imballaggio imballaggio danneggiato usato;30,99 EUR;Envío internacional gratis;desde Alemania;
Disruptor (Playstation 1, PS1);34,48 EUR;+ 17,25 EUR de envío;desde Rusia;
Disruptor Sony Playstation Game Disc & Artwork;20,40 EUR;+ 10,20 EUR de envío;desde Canadá;
Disruptor PS1 (Sony PlayStation 1, 1996) Estuche Y Disco-Sin Manual;43,12 EUR;+ 4,74 EUR de envío;desde Estados Unidos;
Original 1996 Impresión De Video Juego Sony Playstation Disruptor ad anuncio de página;8,58 EUR;+ 3,15 EUR de envío;desde Estados Unidos;
Anuncio impreso Disruptor/arte cartel Playstation PS1;12,93 EUR;Envío gratis;desde Estados Unidos;
Original 1996 Playstation PS1 video juego Disruptor print ad anuncio de página;8,58 EUR;+ 3,15 EUR de envío;desde Estados Unidos;
53 videojuegos PS2 PS1 Playstation no funciona/sin probar Mortal Kombat Disruptor;34,48 EUR;+ 7,72 EUR de envío;desde Estados Unidos;
Disruptor (Sony PlayStation 1, 1996);18,07 EUR;Envío gratis;desde Estados Unidos;
Disruptor PS1 (Sony PlayStation 1, 1996) Black Label probado y de trabajo;34,48 EUR;+ 4,48 EUR de envío;desde Estados Unidos;
Disco Disruptor sólo #930E (Sony PlayStation 1, 1996);19,82 EUR;Envío gratis;desde Estados Unidos;
PS1 / Sony Playstation 1 jeu - Disruptor dans l'emballage utilisé COMME NEUF;43,99 EUR;Envío internacional gratis;desde Alemania;
PS1 Sony Playstation 1 juego Disruptor En Caja Perfecto Estado;40,85 EUR;Env��o internacional gratis;desde Alemania;
PS1 / Sony Playstation 1 gioco - Disruptor nell'imballaggio usato COME NUOVO;47,99 EUR;Envío internacional gratis;desde Alemania;
Disruptor PS1 Juego-Caja Grande Completa;26,74 EUR;Envío no especificado;desde Reino Unido;
Disruptor PS1 Big Box Pal Fr;35,00 EUR;Envío no especificado;desde España;
