(NE6) Cabela's Big Game Hunter 2005 Adventures (Sony PlayStation 2);4,66 EUR;+ 18,80 EUR de envío estimado;Vendidos  30 sep 2021Artículo vendido;desde Reino Unido;
Cabela's Big Game Hunter 2010 Ps3 PlayStation 3 región 1;17,45 EUR;+ 18,75 EUR de envío estimado;Vendidos  30 sep 2021Artículo vendido;desde Reino Unido;
Cabela's Big Game Hunter & 2005 aventuras PS2 PlayStation 2 juego paquete de caza;23,29 EUR;+ 14,01 EUR de envío;Vendidos  8 ago 2021Artículo vendido;desde Reino Unido;
Cabela's Big Game Hunter de Vídeo Juego Para Sony PlayStation PS2 Pal probado;6,99 EUR;+ 16,51 EUR de envío estimado;Vendidos  24 jul 2021Artículo vendido;desde Reino Unido;
Cabela's Big Game Hunter 2012 (Sony PlayStation 3 PS3, 2011) Completo Probado Completo En Caja;9,91 EUR;Envío gratis;Vendidos  4 oct 2021Artículo vendido;desde Estados Unidos;
Cabela's Big Game Hunter 2012-Sony PlayStation 3 juego PS3 2011 Perfecto Estado;10,34 EUR;Envío gratis;Vendidos  4 oct 2021Artículo vendido;desde Estados Unidos;
Raro Sony Playstation 2 PS2 Cabela's Big Game Hunter Cartucho en Caja Completa PROBADO/OBRAS!;4,65 EUR;+ 2,58 EUR de envío;Vendidos  3 oct 2021Artículo vendido;desde Estados Unidos;
Cabela's Big Game Hunter 2008 Playstation 2 PS2 Video Juego Completo;3,10 EUR;+ 3,71 EUR de envío;Vendidos  2 oct 2021Artículo vendido;desde Estados Unidos;
Cabela's Big Game Hunter: Pro cazas (PlayStation 3 PS3, 2014) - Excelente Estado;24,14 EUR;Envío gratis;Vendidos  30 sep 2021Artículo vendido;desde Estados Unidos;
Cabela's Big Game Hunter 2012 (Sony PlayStation 3, 2011) Complete CIB VG PS3;7,12 EUR;+ 8,84 EUR de envío;Vendidos  30 sep 2021Artículo vendido;desde Canadá;
Cabela's Big Game Hunter 2008 Playstation 2 PS2;1,72 EUR;+ 2,58 EUR de envío;Vendidos  30 sep 2021Artículo vendido;desde Estados Unidos;
Cabela's Big Game Hunter: Pro cazas (Sony PlayStation 3, 2014);12,93 EUR;Envío gratis;Vendidos  30 sep 2021Artículo vendido;desde Estados Unidos;
Cabela's Big Game Hunter (Sony PlayStation 2 PS2 completa, 2007);7,32 EUR;Envío gratis;Vendidos  28 sep 2021Artículo vendido;desde Estados Unidos;
Cabela's Big Game Hunter 2012 (Sony PlayStation 3, 2011);1,72 EUR;+ 3,88 EUR de envío;Vendidos  27 sep 2021Artículo vendido;desde Estados Unidos;
Cabela's Big Game Hunter 2010 (Sony PlayStation 3, 2009) PS3-Completo En Caja, pulir;9,53 EUR;+ 3,84 EUR de envío;Vendidos  27 sep 2021Artículo vendido;desde Estados Unidos;
Cabela's Big Game Hunter 2012 Sony PlayStation 3 PS3 Mover compatibles Activision;7,42 EUR;+ 3,79 EUR de envío;Vendidos  27 sep 2021Artículo vendido;desde Estados Unidos;
Cabela's Big Game Hunter: Pro cazas (Sony PlayStation 3, 2014);15,48 EUR;+ 4,57 EUR de envío;Vendidos  27 sep 2021Artículo vendido;desde Estados Unidos;
Cabela's Big Game Hunter: Pro cazas (PlayStation 3 PS3, 2014);20,59 EUR;+ 3,02 EUR de envío;Vendidos  26 sep 2021Artículo vendido;desde Estados Unidos;
Cabela's Big Game Hunter: Pro cazas PlayStation 3 PS3 juego de caza;17,24 EUR;Envío gratis;Vendidos  25 sep 2021Artículo vendido;desde Estados Unidos;
Cabela's Big Game Hunter 2012 (Sony PS3 PlayStation 3, 2011) - Cartucho Completo En Caja;6,89 EUR;+ 2,75 EUR de envío;Vendidos  24 sep 2021Artículo vendido;desde Estados Unidos;
Cabela's Big Game Hunter Pro cazas-PS3, PLAYSTATION 3, Raro;17,24 EUR;+ 2,37 EUR de envío;Vendidos  22 sep 2021Artículo vendido;desde Estados Unidos;
Cabela's Dangerous Hunts 2011, Cabela's Big Game Hunter 2010 PS3 PlayStation 3;10,34 EUR;Envío gratis;Vendidos  21 sep 2021Artículo vendido;desde Estados Unidos;
Cabela's Big Game Hunter Pro cazas (Sony PlayStation 3, 2014) Disco de menta PS3;10,78 EUR;+ 3,45 EUR de envío;Vendidos  20 sep 2021Artículo vendido;desde Estados Unidos;
Cabela's Big Game Hunter Sony Playstation 2 PS2 Completo Y Excelente!;7,75 EUR;Envío gratis;Vendidos  19 sep 2021Artículo vendido;desde Estados Unidos;
Cabela's Big Game Hunter 2012 SAS-Playstation 3 Sin Probar;