Fisherman's Bait PS1 Sony Playstation Completo Pal Black Label Probado;8,16 EUR;+ 16,53 EUR de envío estimado;Vendidos  11 sep 2021Artículo vendido;desde Reino Unido;
Fisherman's Bait 3 para PlayStation 1 PS 1 ps1 PSOne;23,95 EUR;Envío no especificado;Vendidos  10 sep 2021Artículo vendido;desde Alemania;
Fisherman's Bait 2 Big Ol 'Bass PS1 Sony PlayStation Label COMPLETO PAL Black;29,18 EUR;+ 16,92 EUR de envío estimado;Vendidos  9 sep 2021Artículo vendido;desde Reino Unido;
Fisherman's Bait Sony Playstation;9,31 EUR;+ 16,56 EUR de envío estimado;Vendidos  24 ago 2021Artículo vendido;desde Reino Unido;
Fisherman's Bait-PS1 (Sony Playstation 1) COMPLETA (PAL) Black Label;6,99 EUR;+ 16,51 EUR de envío estimado;Vendidos  22 ago 2021Artículo vendido;desde Reino Unido;
Fisherman's Bait 2 Big Ol Bass PS1 disco solamente probado Sony PlayStation 1 Juego Buena;8,58 EUR;+ 4,57 EUR de envío;Vendidos  2 oct 2021Artículo vendido;desde Estados Unidos;
Fisherman's Bait 2: Big Ol 'Bass (Sony PlayStation 1, 1999) Black Label Completo En Caja;10,86 EUR;Envío gratis;Vendidos  1 oct 2021Artículo vendido;desde Estados Unidos;
Fisherman's Bait 2: Big Ol 'Bass (Sony PlayStation 1, 1999) Disco Solamente Pulido;7,75 EUR;Envío gratis;Vendidos  30 sep 2021Artículo vendido;desde Estados Unidos;
Fisherman's Bait 2: Big Ol 'Bass (Sony PlayStation 1, 1999) probado y funciona;8,19 EUR;+ 4,57 EUR de envío;Vendidos  25 sep 2021Artículo vendido;desde Estados Unidos;
Fisherman's Bait 2 Big Ol Bass PS1, Sony PlayStation 1 con folleto & Reg Tarjeta! muy BUEN;12,03 EUR;Envío gratis;Vendidos  23 sep 2021Artículo vendido;desde Estados Unidos;
Fisherman's Bait 2: Big Ol 'Bass (Sony PlayStation 1, 1999) Black Label Completo En Caja;5,16 EUR;+ 4,29 EUR de envío;Vendidos  20 sep 2021Artículo vendido;desde Estados Unidos;
Fisherman's Bait (Sony PlayStation 1, 1999) PS1 Completa Excelente;9,05 EUR;+ 3,32 EUR de envío;Vendidos  6 sep 2021Artículo vendido;desde Estados Unidos;
Fisherman's Bait: un desafío bajo (Sony PlayStation 1, 1999) Disco Solamente probado;9,48 EUR;Envío gratis;Vendidos  25 ago 2021Artículo vendido;desde Estados Unidos;
Fisherman's Bait 2 Big Ol 'Bass (Sony PlayStation 1) PSX PS1/Nuevo Y Sellado;60,35 EUR;Envío gratis;Vendidos  10 ago 2021Artículo vendido;desde Estados Unidos;
Fisherman's Bait 2: Big Ol 'Bass (Sony PlayStation 1, 1999) Disco Solamente PS1;8,61 EUR;Envío gratis;Vendidos  9 ago 2021Artículo vendido;desde Estados Unidos;
Fisherman's Bait 2: Big Ol 'Bass (Sony PlayStation 1, PS1) - disco solamente-A7233;10,30 EUR;Envío gratis;Vendidos  9 ago 2021Artículo vendido;desde Estados Unidos;
Fisherman's Bait (Sony PlayStation 1, 1999);6,04 EUR;+ 3,45 EUR de envío;Vendidos  4 ago 2021Artículo vendido;desde Estados Unidos;
Fisherman's Bait 2 Big Ol Bass Playstation PS1-disco solamente-Probado Y Funcionando;7,75 EUR;Envío gratis;