Animal Snap / Disc & Manual / Playstation 1 PS1 PS2;3,27 EUR;+16,45 EUR shipping estimate;from United Kingdom;
PS1 Game, Playstation one, Animal Snap;5,81 EUR;+16,50 EUR shipping estimate;from United Kingdom;
PS1 Game, Playstation one, Animal Snap ;; complete;6,98 EUR;+16,51 EUR shipping estimate;from United Kingdom;
Animal Snap (COMPLETE) Sony PlayStation 1, ps1, Psone;8,11 EUR;+16,53 EUR shipping estimate;from United Kingdom;
Animal Snap: Rescue Them 2 by 2 PlayStation 1 PS1 Video Game FREE P&P;4,66 EUR;+16,47 EUR shipping estimate;from United Kingdom;
Animal Snap Sony Playstation 1;8,16 EUR;+7,46 EUR shipping;from United Kingdom;
 Animal Snap - Sony PS1 Playstation 1 (2003) ;5,83 EUR;+16,50 EUR shipping estimate;from United Kingdom;
Animal Snap PS1 ita funzionante PlayStation 1 italiano senza manuale videogioco;9,99 EUR;+18,00 EUR shipping;from Italy;
Animal Snap (Sony PlayStation 1, 2003) - European Version;2,45 EUR;+18,18 EUR shipping estimate;from United Kingdom;
Animal Snap A Game for the Playstation 1 ps1;10,50 EUR;+8,76 EUR shipping;from United Kingdom;
Animal Snap (Sony PlayStation 1, 2003) - PS1 - European Version - FREE UK P&P;5,20 EUR;Shipping not specified;from United Kingdom;
 Animal Snap - Sony PS1 Playstation On;4,66 EUR;Shipping not specified;from United Kingdom;
PS1 Animal Snap (Sony Playstation 1, 2004) + Manual;4,64 EUR;Shipping not specified;from Germany;
Animal Snap Rescue Them 2 by 2 PS1 Playstation 1 * TOP * TESTED * Complete;4,49 EUR;Shipping not specified;from Germany;
Animal Snap for Playstation 1 ps1 PSone PSX * BOXED *;6,99 EUR;Shipping not specified;from Germany;
Animal Snap - Playstation 1 - PS1;6,95 EUR;+19,95 EUR shipping;from Netherlands;
Animal Snap - Playstation 1 - PS1;5,95 EUR;+19,95 EUR shipping;from Netherlands;
PlayStation 1 / PS1 Game: Animal Snap (Complete);4,95 EUR;+7,00 EUR shipping;from Netherlands;
 Animal Snap (Nintendo Game Boy Advance, 2003);11,57 EUR;+11,68 EUR shipping;from United Kingdom;
Animal Snap - PS1 - Complete - Fast UK Dispatch;5,83 EUR;+16,50 EUR shipping estimate;from United Kingdom;
Animal Snap - Game Boy Advance - GBA;9,28 EUR;+17,51 EUR shipping;from United Kingdom;
PS1 _ Animal Snap _ First Edition CD Good Condition _ 1000 More Games In Shop;6,99 EUR;+7,00 EUR shipping;from Germany;
Animal Snap - PS1;15,14 EUR;+13,43 EUR shipping;from United Kingdom;
GBA Animal Snap (2003), Brand New & Factory Sealed;29,18 EUR;+11,66 EUR shipping;from United Kingdom;
Animal Snap Nintendo gba Game game only ;8,81 EUR;+4,67 EUR shipping;from United Kingdom;
Animal Snap PS1/PS2;4,66 EUR;+18,39 EUR shipping estimate;from United Kingdom;
Nintendo GameBoy Advance juego - Animal Snap en el embalaje usado;18,99 EUR;Free International Shipping;from Germany;
Animal Snap Bracelet Children Kids Loot Goody Party Bags Pinnata Fillers Toys;11,66 EUR;+21,31 EUR shipping estimate;from United Kingdom;
