Battle Arena Toshinden 2 (PS1) COMPLETO + Manual-PlayStation;23,34 EUR;+ 16,81 EUR de envío estimado;Vendidos  23 sep 2021Artículo vendido;desde Reino Unido;
Battle Arena Toshinden 2 ** Sony PlayStation 1 ** ps1 ** completamente ** PAL;18,00 EUR;Envío no especificado;Vendidos  21 ago 2021Artículo vendido;desde Alemania;
Battle Arena Toshinden 2 Plus | PlayStation ( PSX, PS1 ) | NTSC-J | complete;21,00 EUR;+ 6,50 EUR de envío;Vendidos  28 sep 2021Artículo vendido;desde Alemania;
Battle Arena Toshinden 2 (PlayStation PS1) Disco Con Estuche Rápido Envío Gratis!!!;10,34 EUR;Envío gratis;Vendidos  13 sep 2021Artículo vendido;desde Estados Unidos;
Battle Arena Toshinden 2 (Sony PlayStation 1 PS1) sólo disco de juego probadas;10,08 EUR;+ 3,27 EUR de envío;Vendidos  10 sep 2021Artículo vendido;desde Estados Unidos;
Battle Arena Toshinden 2-PlayStation 1-PS1-Completo con Manual-Longbox;21,55 EUR;+ 7,59 EUR de envío;Vendidos  10 sep 2021Artículo vendido;desde Estados Unidos;
Battle Arena Toshinden 2 prima Bolsillo Libro Guía De Estrategia Playstation;8,62 EUR;+ 2,59 EUR de envío;Vendidos  3 sep 2021Artículo vendido;desde Estados Unidos;
Battle Arena Toshinden 2 (dos) -- (Sony PlayStation 1 PS1) -- Con Longbox caso;25,86 EUR;Envío gratis;Vendidos  31 ago 2021Artículo vendido;desde Estados Unidos;
Battle Arena Toshinden 2-PlayStation 1-PS1-Completo con Manual-Longbox Cartucho en Caja;34,48 EUR;+ 7,33 EUR de envío;Vendidos  31 ago 2021Artículo vendido;desde Estados Unidos;
Battle Arena Toshinden 2 (PlayStation 1 PS1, 1996) disco solamente se envía al día siguiente.;11,20 EUR;Envío gratis;Vendidos  29 ago 2021Artículo vendido;desde Estados Unidos;
Battle Arena Toshinden 2 Longbox Playstation 1 PS1 Takara Probado;12,93 EUR;+ 5,17 EUR de envío;Vendidos  27 ago 2021Artículo vendido;desde Estados Unidos;
Battle Arena Toshinden 2 PS1 Playstation japonés Importado N. Menta/Menta Vendedor de Estados Unidos;8,26 EUR;+ 2,59 EUR de envío;Vendidos  25 ago 2021Artículo vendido;desde Estados Unidos;
Battle Arena Toshinden 2 PS1 Playstation japonés Importado Casi Nuevo Vendedor de Estados Unidos;6,61 EUR;+ 2,59 EUR de envío;Vendidos  18 ago 2021Artículo vendido;desde Estados Unidos;
Battle Arena Toshinden 2 (Sony PlayStation 1) PS1 completa con Manual & Reg tarjeta;43,11 EUR;Envío gratis;Vendidos  16 ago 2021Artículo vendido;desde Estados Unidos;
Battle Arena Toshinden 2 Joya Variante Rara, Playstation 1, PS1;43,07 EUR;+ 4,27 EUR de envío;Vendidos  16 ago 2021Artículo vendido;desde Estados Unidos;
Battle Arena Toshinden 2 PlayStation 1 PS1 disco solo funciona muy bien;9,44 EUR;+ 2,78 EUR de envío;Vendidos  15 ago 2021Artículo vendido;desde Estados Unidos;
Battle Arena Toshinden 2 (dos) -- (Sony PlayStation 1 PS1) -- Con Longbox caso;25,78 EUR;+ 4,44 EUR de envío;Vendidos  13 ago 2021Artículo vendido;desde Estados Unidos;
PS1 Battle Arena Toshinden 2 Sony PlayStation Game importación Japón #SLPS -00200;6,03 EUR;+ 10,35 EUR de envío;Vendidos  13 ago 2021Artículo vendido;desde Japón;
Battle Arena Toshinden 2 (Sony PlayStation 1 PS1) sólo disco de juego probadas;11,20 EUR;Envío gratis;Vendidos  7 ago 2021Artículo vendido;desde Estados Unidos;
Battle Arena Toshinden 2 PS1 PlayStation 1 Japan Import;10,20 EUR;+ 32,65 EUR de envío;Vendidos  4 ago 2021Artículo vendido;desde Canadá;
Battle Arena Toshinden 2-PlayStation 1-PS1-Completo con Manual-Longbox;21,55 EUR;Envío gratis;Vendidos  30 jul 2021Artículo vendido;desde Estados Unidos;
Battle Arena Toshinden 2 juego solamente en Funda Lisa para Playstation o PS2;10,21 EUR;Envío gratis;Vendidos  28 jul 2021Artículo vendido;desde Estados Unidos;
Battle Arena Toshinden 2 Joya variante, Playstation 1, PS1;17,24 EUR;+ 4,30 EUR de envío;Vendidos  25 jul 2021Artículo vendido;desde Estados Unidos;
Battle Arena Toshinden 2 (PlayStation PS1) Black Label-Completo-Funciona;20,70 EUR;Envío gratis;Vendidos  24 jul 2021Artículo vendido;desde Estados Unidos;
PS1 Battle Arena Toshinden 2 Plus PlayStation la mejor versión de Japón! completa;4,31 EUR;+ 4,48 EUR de envío;Vendidos  19 jul 2021Artículo vendido;desde Estados Unidos;
Battle Arena Toshinden 2-PlayStation 1-PS1-Completo con Manual-Longbox;23,20 EUR;Envío gratis;Vendidos  16 jul 2021Artículo vendido;desde Estados Unidos;
Battle Arena Toshinden 2 (Playstation 1) Disco Solamente Probada.;8,61 EUR;+ 3,44 EUR de envío;Vendidos  12 jul 2021Artículo vendido;desde Estados Unidos;
