Colin McRae Rally 2.0 para PlayStation 1/ps1 #1;7,99 EUR;Env√≠o no especificado;Vendidos  24 sep 2021Art√≠culo vendido;desde Alemania;
Colin McRae Rally 2.0 PS1 Juego (Sony PlayStation) Completa;8,16 EUR;+ 18,45 EUR de env√≠o estimado;Vendidos  22 sep 2021Art√≠culo vendido;desde Reino Unido;
Colin McRae Rally 2.0 y No Fear Cuesta abajo Bicicleta de monta√±a Playstation 1 (PS1);5,83 EUR;+ 16,50 EUR de env√≠o estimado;Vendidos  19 sep 2021Art√≠culo vendido;desde Reino Unido;
Colin McRae Rally 2.0 Platinum Completo Sony PlayStation 1 PS1 Juego Gratis P&P;9,33 EUR;+ 16,56 EUR de env√≠o estimado;Vendidos  16 sep 2021Art√≠culo vendido;desde Reino Unido;
Colin McRae Rally 2.0, Buen Estado Playstation Video Juego R√°pido P&P;5,83 EUR;+ 18,82 EUR de env√≠o estimado;Vendidos  11 sep 2021Art√≠culo vendido;desde Reino Unido;
Colin McRae Rally 2.0 Playstation Video Juego R√°pido Gratis P&P;8,16 EUR;+ 16,53 EUR de env√≠o estimado;Vendidos  11 sep 2021Art√≠culo vendido;desde Reino Unido;
Colin McRae Rally 2.0 PS1 PlayStation 1 COMPLETO PAL;17,50 EUR;+ 16,71 EUR de env√≠o estimado;Vendidos  4 sep 2021Art√≠culo vendido;desde Reino Unido;
Colin McRae Rally 2.0 - SONY PLAYSTATION PSONE PS1 disco de juego solamente!;5,80 EUR;+¬†11,66 EUR de env√≠o;Vendidos  4 sep 2021Art√≠culo vendido;desde Reino Unido;
Colin McRae Rally 2.0 Playstation 1 Completamente en caja con Manuel;5,83 EUR;+¬†13,43 EUR de env√≠o;Vendidos  28 ago 2021Art√≠culo vendido;desde Reino Unido;
Colin McRae Rally 2.0 - Sony Playstation PSONE PS1 Juego-en muy buena condici√≥n!!!;11,64 EUR;+¬†11,66 EUR de env√≠o;Vendidos  26 ago 2021Art√≠culo vendido;desde Reino Unido;
Colin McRae Rally 2.0 revisi√≥n de c√≥digo & Promo Disco ‚Äì Playstation/PS1 &???;69,99 EUR;+¬†18,04 EUR de env√≠o;Vendidos  25 ago 2021Art√≠culo vendido;desde Reino Unido;
Colin McRae Rally 2.0 - Platinum (PS), buen PlayStation, Playstation Video Juegos;4,67 EUR;+ 18,61 EUR de env√≠o estimado;Vendidos  2 ago 2021Art√≠culo vendido;desde Reino Unido;
Colin McRae Rally 2.0: Playstation 1 PS1 Juego (Completo);9,34 EUR;Env√≠o no especificado;Vendidos  28 jul 2021Art√≠culo vendido;desde Reino Unido;
Colin McRae Rally 2.0 - PlayStation 1-PS1-PAL;4,61 EUR;+¬†7,71 EUR de env√≠o;Vendidos  20 jul 2021Art√≠culo vendido;desde Reino Unido;
PlayStation - 2 Juegos: Colin McRae Rally 2.0 y No Fear Cuesta abajo Bicicleta de monta√±a;9,34 EUR;+ 16,56 EUR de env√≠o estimado;Vendidos  18 jul 2021Art√≠culo vendido;desde Reino Unido;
Colin McRae Rally 2.0 (Platinum Edition) - Sony PlayStation (PS1/PSone) PAL, Reino Unido;4,09 EUR;+ 18,79 EUR de env√≠o estimado;Vendidos  16 jul 2021Art√≠culo vendido;desde Reino Unido;
Colin McRae Rally 2.0 y No Fear Cuesta abajo Bicicleta de monta√±a Sony PlayStation 1 uno;9,32 EUR;+ 16,56 EUR de env√≠o estimado;Vendidos  11 jul 2021Art√≠culo vendido;desde Reino Unido;
PlayStation - 2 Juegos: Colin McRae Rally 2.0 y No Fear Cuesta abajo Bicicleta de monta√±a;9,34 EUR;+ 16,56 EUR de env√≠o estimado;Vendidos  10 jul 2021Art√≠culo vendido;desde Reino Unido;
Colin McRae Rally 2.0 Sony Playstation 1 PS1 (2000) Completo-Probado Funcionando!;56,04 EUR;Env√≠o gratis;Vendidos  28 ago 2021Art√≠culo vendido;desde Estados Unidos;
Colin McRae Rally 2.0 (Sony Playstation 1 PS1, 2000) completo cat√°logo Probado Completo En Caja;49,14 EUR;Env√≠o gratis;Vendidos  16 ago 2021Art√≠culo vendido;desde Estados Unidos;
Colin McRae Rally 2.0 (Sony Playstation 1 PS1, 2000) Completo en Caja con la tarjeta de registro!;39,66 EUR;Env√≠o gratis;Vendidos  9 ago 2021Art√≠culo vendido;desde Estados Unidos;
Colin McRae Rally 2.0 PC CD ROM so-Env√≠o r√°pido;4,38 EUR;+¬†6,99 EUR de env√≠o;Vendidos  29 sep 2021Art√≠culo vendido;desde Reino Unido;
Colin McRae Rally 2.0 - PS1-Completo En Caja Con Manual;8,16 EUR;+¬†6,30 EUR de env√≠o;Vendidos  23 sep 2021Art√≠culo vendido;desde Reino Unido;
Colin McRae Rally 2.0 Nintendo Gameboy Advance GBA üíØ% original juego probado;9,33 EUR;+ 16,56 EUR de env√≠o estimado;Vendidos  25 sep 2021Art√≠culo vendido;desde Reino Unido;
Colin McRae Rally 2.0 - Cartucho √∫nicamente-Nintendo Game Boy Advance-Probado;8,11 EUR;+ 16,53 EUR de env√≠o estimado;Vendidos  7 sep 2021Art√≠culo vendido;desde Reino Unido;
Colin McRae Rally 2.0 - PS1;6,98 EUR;Env√≠o no especificado;Vendidos  15 ago 2021Art√≠culo vendido;desde Reino Unido;
Colin McRae Rally 2.0 PC CD-ROM;3,21 EUR;+ 16,45 EUR de env√≠o estimado;Vendidos  5 ago 2021Art√≠culo vendido;desde Reino Unido;
