PlayStation 1 PS1 Crash Bandicoot deformado UKG/VGA graduada 85+casi como nuevo 1998;817,20 EUR;+ 18,67 EUR de envío;desde Reino Unido;
Crash Bandicoot Solo Manual ~ ps1 Playstation.;5,83 EUR;+ 16,50 EUR de envío estimado;desde Reino Unido;
Boite - Crash Bandicoot Action Pack - Sony Playstation 2 PS2 (FR);9,90 EUR;+ 5,50 EUR de envío;desde Francia;
Crash Bandicoot 3: Warped New sealed mint condition ps1 VGA ready PlayStation;1.000,00 EUR;+ 17,00 EUR de envío;desde Alemania;
Crash Bandicoot: PLAYSTATION PS1 Caja Grande Negro Etiqueta Juego con disco de demostración Libre P&P;38,52 EUR;+ 17,09 EUR de envío estimado;desde Reino Unido;
Crash Bandicoot n Sane trilogía PS4 Personalizado PlayStation cubre-Sin Juego/Estuche;4,66 EUR;+ 3,49 EUR de envío;desde Reino Unido;
Crash Bandicoot 3: deformado ~ PlayStation PS1 juego completo promo ~ PAL * muy Bueno *;35,01 EUR;+ 17,02 EUR de envío estimado;desde Reino Unido;
Crash Bandicoot - Playstation PS1 JAP Japan complet;12,90 EUR;+ 11,00 EUR de envío;desde Francia;
Crash Bandicoot Arte Original Dr Neo Cortex Playstation Naughty Dog Universal;350,25 EUR;+ 0,01 EUR de envío;desde Reino Unido;
Crash Bandicoot retorcida 3 PS1 Sony PlayStation Etiqueta Black;17,45 EUR;+ 16,71 EUR de envío estimado;desde Reino Unido;
Crash Bandicoot Retro Vhs LED luz de noche, lámpara de escritorio, lámpara de PlayStation, Dormitorio;15,75 EUR;+ 11,68 EUR de envío;desde Reino Unido;
Crash Bandicoot 1 Caja Grande SONY PLAYSTATION 1 PS1 PS2 PS3 Juego Con Manual PAL Reino Unido;46,69 EUR;+ 17,23 EUR de envío estimado;desde Reino Unido;
PS1 & PlayStation 2-CTR Crash Team Racing SLES 02105 (Crash Bandicoot);18,62 EUR;+ 17,45 EUR de envío;desde Reino Unido;
Crash Bandicoot Paquete De Juegos 1 2 3 Bash & CTR-Playstation PS1-Todo Completo;140,09 EUR;+ 32,68 EUR de envío;desde Reino Unido;
Nuevo anuncioCrash Bandicoot 1 2 Paquete de 3-PS1 Playstation 1-Completo;53,69 EUR;+ 17,36 EUR de envío estimado;desde Reino Unido;
Crash Bandicoot Original Art Dingodile Playstation Naughty Dog Universal;350,25 EUR;+ 36,94 EUR de envío estimado;desde Reino Unido;
Crash Bandicoot Original Art Scuba Crash Playstation Naughty Dog Universal;350,25 EUR;+ 0,01 EUR de envío;desde Reino Unido;
Crash Bandicoot & Demo-Sony PlayStation 1 PS1 Caja Grande-PAL-COMPLETO;40,86 EUR;+ 21,21 EUR de envío estimado;desde Reino Unido;
Crash Bandicoot Original Art Coco Park CTR Playstation Naughty Dog Universal;350,25 EUR;+ 36,94 EUR de envío estimado;desde Reino Unido;
Crash Bandicoot Solo Manual ~ ps1 Playstation;5,83 EUR;+ 16,50 EUR de envío estimado;desde Reino Unido;
Crash Bandicoot deformado PS1 juego taquillera Playstation Ex alquiler raro y Bash;52,54 EUR;+ 8,17 EUR de envío;desde Reino Unido;
Nuevo anuncioCrash Bandicoot Gran Caja Demo & corteza contraataca 2 paquete PS1 Playstation 1;54,86 EUR;+ 17,38 EUR de envío estimado;desde Reino Unido;
Crash Bandicoot 2 Cortex Strikes Back PS1 (COMPLETO) Sony PlayStation Black Label;20,96 EUR;+ 16,77 EUR de envío estimado;desde Reino Unido;
Crash Bandicoot N. Sane Trilogy (PlayStation 4) PS4;16,35 EUR;+ 39,20 EUR de envío estimado;desde Reino Unido;
Crash Bandicoot PlayStation PS1 Caja Grande Excelente Estado Original Con Demo;46,69 EUR;+ 17,23 EUR de envío estimado;desde Reino Unido;
Crash Bandicoot 4 PS4 Ventilador Personalizado PlayStation PS1 estilo cubre-Sin Juego/Estuche;4,66 EUR;+ 3,49 EUR de envío;desde Reino Unido;
Crash Bandicoot & Demo-Sony PlayStation 1 PS1 Caja Grande-PAL-COMPLETO;58,36 EUR;+ 17,44 EUR de envío estimado;desde Reino Unido;
Crash Bandicoot acción Pack-Nitro Kart TWINSANITY Tag Team-PS2 Playstation 2;35,01 EUR;+ 7,01 EUR de envío;desde Reino Unido;
Crash Bandicoot: la Ira de Cortex-Sony Playstation 2 ps2 versión PAL Reino Unido;16,33 EUR;+ 7,01 EUR de envío;desde Reino Unido;
Crash Bandicoot 2 Solo Manual ~ ps1 Playstation.;5,83 EUR;+ 16,50 EUR de envío estimado;desde Reino Unido;
Nuevo anuncioCrash Bandicoot 1-PlayStation 1 ps1-VGA/Wata Gold graded 90 Mint;4.900,00 EUR;Envío no especificado;desde Alemania;
PS 4 PlayStation 4 juego "Crash Bandicoot n sane Trilogy" completamente;28,95 EUR;+ 5,50 EUR de envío;desde Alemania;
Crash Bandicoot 3 Warped-PlayStation 1 ps1-nuevo & sealed-Pal;189,00 EUR;Envío no especificado;desde Alemania;
Crash Bandicoot N' Sane Trilogy Playstation 4 PS4  Italiano ;22,99 EUR;Envío no especificado;desde Italia;
Crash Bandicoot 3 Warped PS1 Playstation 1 PAL ITA perfettamente funzionante;29,90 EUR;Envío no especificado;desde Italia;
PS1 Crash Bandicoot 2 Cortex Stikes Back  per Console Playstation 1  PSX PSONE;26,99 EUR;Envío no especificado;desde Italia;
PS1 & PlayStation 2-CTR Crash Team Racing Crash Bandicoot Manual Inc vendedor del Reino Unido;29,18 EUR;+ 16,92 EUR de envío estimado;desde Reino Unido;
Original PS1 PLAYSTATION 1 PSone juego Crash Bandicoot 1 Big Fat Caja Versión + demostración;46,64 EUR;+ 17,23 EUR de envío estimado;desde Reino Unido;
PSX PlayStation juego "Crash Bandicoot 3 Warped" completamente;28,45 EUR;+ 4,50 EUR de envío;desde Alemania;
Crash Bandicoot 2 - Jeu Playstation PS1 JAP Japan complet (2);9,90 EUR;+ 11,00 EUR de envío;desde Francia;
Crash Bandicoot Action Pack - Sony Playstation 2 PS2 (FR) - PAL - NEUF;129,90 EUR;+ 10,00 EUR de envío;desde Francia;
Crash Bandicoot Sony PlayStation PS1 Etiqueta Negra Caja Grande Doble caso PAL No Demo;31,51 EUR;+ 21,05 EUR de envío estimado;desde Reino Unido;
Skylanders imaginators Crash Bandicoot Edition Starter pack PlayStation 3 ps3;89,99 EUR;+ 25,00 EUR de envío;desde Alemania;
Crash Bandicoot 3 Solo Manual ~ ps1 Playstation;5,83 EUR;+ 16,50 EUR de envío estimado;desde Reino Unido;
Crash Bandicoot 2 Cortex Strikes Back PS1 Sony PlayStation 1 Juego De Plataformas;11,08 EUR;+ 18,93 EUR de envío estimado;desde Reino Unido;
Crash Bandicoot: PLAYSTATION PS1 Caja Grande Juego Black Label;37,35 EUR;+ 17,07 EUR de envío estimado;desde Reino Unido;
Crash Bandicoot Demo Disc Trial Not for Sale Version - Playstation PS1 JAP Japan;4,90 EUR;+ 3,80 EUR de envío;desde Francia;
Crash Bandicoot Playstation PS1 PSX jp jap;9,99 EUR;+ 11,99 EUR de envío;desde España;
Crash Bandicoot 3 deformado Sony PlayStation 1 Platinum Edition rara post rápido;11,09 EUR;+ 19,86 EUR de envío estimado;desde Reino Unido;
Crash Bandicoot 2: Cortex No Gyakushuu! para Sony PlayStation PS1 japonés 10047;11,66 EUR;