SONY PLAYSTATION PS1 - Asteroids SuperLite 1500 - Version Japon;17,90 EUR;+ 17,90 EUR de envío;desde España;
Asteroids PS1 Playstation 1 Video Juego con Gratis UK FRANQUEO;6,99 EUR;+ 16,51 EUR de envío estimado;desde Reino Unido;
Sony PlayStation 1 Ps1 1998 video juego Asteroids Completa Con Manual Pal;11,66 EUR;+ 16,60 EUR de envío estimado;desde Reino Unido;
Asteroids (PS) PlayStation Games;9,42 EUR;+ 26,06 EUR de envío estimado;desde Reino Unido;
PS1 juego Asteroids Playstation 1 PAL completa con MANUAL One;5,78 EUR;+ 18,63 EUR de envío estimado;desde Reino Unido;
PlayStation 1 PS1 Sony Juego Asteroids Activision 1998 SC;4,66 EUR;+ 18,80 EUR de envío estimado;desde Reino Unido;
Asteroids Para PLAYSTATION 1;9,33 EUR;+ 16,56 EUR de envío estimado;desde Reino Unido;
PLAYSTATION Juego *** Asteroids *** completa ONE-Brand "NUEVO" - nunca jugado;11,38 EUR;+ 14,00 EUR de envío;desde Reino Unido;
Asteroids (Sony PlayStation 1, 1998);6,99 EUR;+ 16,51 EUR de envío estimado;desde Reino Unido;
Asteroids (Sony PlayStation 1, 1998);10,50 EUR;+ 16,58 EUR de envío estimado;desde Reino Unido;
Asteroids: Original Black Label SONY PLAYSTATION PS1 Juego;9,33 EUR;+ 16,56 EUR de envío estimado;desde Reino Unido;
Asteroids Sony PlayStation 1 PS1 PAL Version Promo Con Estuche Raro;10,45 EUR;+ 20,02 EUR de envío estimado;desde Reino Unido;
Asteroids Para Sony PlayStation (PS1) - caso completo roto;6,95 EUR;+ 16,51 EUR de envío estimado;desde Reino Unido;
Asteroids (Sony PlayStation 1, 1998);9,33 EUR;+ 19,94 EUR de envío estimado;desde Reino Unido;
Asteroids PS1 Juego Completo con Manual Sony Playstation Entrega Gratis;8,11 EUR;+ 16,53 EUR de envío estimado;desde Reino Unido;
Asteroids Sony Playstation 1 juego PS1;5,83 EUR;+ 21,02 EUR de envío;desde Reino Unido;
Asteroids  ps1 ita sony Playstation 1 italiano funzionante videogioco gioco ;9,99 EUR;+ 18,00 EUR de envío;desde Italia;
Asteroids para el PLAYSTATION 1;4,66 EUR;+ 16,47 EUR de envío estimado;desde Reino Unido;
Asteroids - Sony PlayStation - PS1 - Complet - Occasion;8,90 EUR;+ 6,50 EUR de envío;desde Francia;
Asteroids (Sony PlayStation 1, 1998);6,99 EUR;+ 18,65 EUR de envío estimado;desde Reino Unido;
Asteroids - 1998 PS1/Playstation 1 Promo-Versión PAL Reino Unido;15,17 EUR;+ 16,66 EUR de envío estimado;desde Reino Unido;
* Manual De Instrucciones Solamente * Asteroids PS1 Psone Playstation PS 1 uno;3,49 EUR;+ 16,45 EUR de envío estimado;desde Reino Unido;
Asteroids-SONY PLAYSTATION PSONE PS1 Game-versión Promo;17,48 EUR;+ 11,66 EUR de envío;desde Reino Unido;
Playstation 1 ps1 Space Invaders Asteroids Excelente Discos sin rasguños o marcas;11,66 EUR;Envío no especificado;desde Reino Unido;
* Sólo Disco * Asteroids Playstation 1 PS1 PSOne PS PSX One;5,78 EUR;Envío no especificado;desde Reino Unido;
