Formula One 2001 Presskit-PlayStation 2;92,23 EUR;Envío internacional gratis;desde Islandia;
Nuevo anuncioPlaystation 1 Formula One 99 nuovo sigillato;17,50 EUR;+ 29,99 EUR de envío;desde Italia;
Formula One F1 2001 de Vídeo Juego Para Sony PlayStation PS2 Pal probado;4,66 EUR;+ 16,47 EUR de envío estimado;desde Reino Unido;
Formula One F1 2001 de Vídeo Juego Para Sony PlayStation PS2 Pal probado;4,66 EUR;+ 16,47 EUR de envío estimado;desde Reino Unido;
Formula One F1 2000 producto con licencia oficial-PlayStation 1 PS1-PAL;5,83 EUR;+ 16,50 EUR de envío estimado;desde Reino Unido;
F1 2017 Formula One Edición Especial-Playstation 4 PS4;10,50 EUR;+ 16,58 EUR de envío estimado;desde Reino Unido;
Formula One 2000. Playstation PS1. Perfecto Estado. sin jugar juego.;16,35 EUR;+ 34,96 EUR de envío estimado;desde Reino Unido;
F1 06 Formula One-Sony Playstation PS2 Racing disco del juego-completo Con Manual;9,09 EUR;+ 18,34 EUR de envío estimado;desde Reino Unido;
Sony Playstation 2/PS2 - Formula One 05 ;6,80 EUR;+ 5,00 EUR de envío;desde Francia;
Formula One 2002 (3+) (PlayStation 2, PS2) COMPLETO + Free Disc Pelicula Dvd;12,83 EUR;+ 16,63 EUR de envío estimado;desde Reino Unido;
Formula One F1 04 de Vídeo Juego Para Sony PlayStation PS2 Pal probado;4,66 EUR;+ 16,47 EUR de envío estimado;desde Reino Unido;
Formula One 05 | Playstation PS2 | En Caja | PAL;5,24 EUR;+ 16,49 EUR de envío estimado;desde Reino Unido;
Formula One 2003 - Jeu Sony Playstation 2 PS2 (FR) - PAL - Complet;4,90 EUR;+ 10,00 EUR de envío;desde Francia;
Formula One 2000 Video Juego Para Sony PlayStation PS1 Pal probado;4,66 EUR;+ 16,47 EUR de envío estimado;desde Reino Unido;
Formula One 2001 PlayStation 2 Juego + Manual;1,74 EUR;+ 18,20 EUR de envío estimado;desde Reino Unido;
Formula One 2001 PS1 PlayStation 1 Completa Con Manual De Entrega Gratis;9,32 EUR;+ 16,56 EUR de envío estimado;desde Reino Unido;
Formula One 2002 - Playstation 2 - PS2;2,51 EUR;+ 19,95 EUR de envío;desde Países Bajos;
Formula One 99-Psygnosis 1999-Sony Playstation 1 PS1 NTSC-J;4,66 EUR;+ 4,67 EUR de envío;desde Reino Unido;
Notice de Formula One 97 F1 97 pour Playstation 1 PS1 PAL FR - Floto Games;5,90 EUR;+ 5,00 EUR de envío;desde Francia;
Formula One 99 Video Juego Para Sony PlayStation PS1 Pal probado;4,66 EUR;+ 16,47 EUR de envío estimado;desde Reino Unido;
Formula One F1 Championship Edition - Juego PlayStation 3 PS3 Sony - 3T;16,90 EUR;+ 9,90 EUR de envío;desde España;
Formula One 2001-PS2-Playstation 2-PAL;1,75 EUR;+ 7,71 EUR de envío;desde Reino Unido;
Formula One 04 - Platinum - Playstation 2 - PS2;3,32 EUR;+ 19,95 EUR de envío;desde Países Bajos;
Formula One 99-Psygnosis 1999-Sony Playstation 1 PS1 NTSC-J;5,17 EUR;+ 4,07 EUR de envío;desde Reino Unido;
Sony Playstation PS1 - Formula One 99 - PAL;9,99 EUR;+ 9,00 EUR de envío;desde Francia;
Formula One 99 (versión demo) Inc de invierno F1-PlayStation 1-PS1;4,66 EUR;+ 18,80 EUR de envío estimado;desde Reino Unido;
Formula One 1-PlayStation 1 PS1-PAL-falta Cubierta Frontal;3,49 EUR;+ 11,68 EUR de envío;desde Portugal;
Formula One 2000 Sony PS1 en muy buen estado Playstation 1 2000 SCES 02777;9,33 EUR;+ 16,56 EUR de envío estimado;desde Reino Unido;
Formula One 2003 - Jeu Sony Playstation 2 PS2 (FR) - PAL - Promo - Press;19,90 EUR;+ 10,00 EUR de envío;desde Francia;
Jeu Formula One 99 pour Sony Playstation PS1 PAL en Boite - Floto Games;6,90 EUR;+ 5,00 EUR de envío;desde Francia;
Formula One 2001 Juego Para SONY PLAYSTATION ONE/PS1-PS2 t1;2,92 EUR;+ 20,51 EUR de envío estimado;desde Reino Unido;
Formula One 99 Jeu Playstation 1 PS1 Complet Pal FR;4,90 EUR;+ 15,00 EUR de envío;desde Francia;
Jeu F1 2011 Formula One pour Playstation 3 PS3 Complet CIB PAL FR - Floto Games;9,90 EUR;+ 5,00 EUR de envío;desde Francia;
Formula One 05 - Sony PlayStation 2/PS2;5,30 EUR;+ 3,00 EUR de envío;desde Francia;
Formula One F1 04-Playstation 2 PS2-Completo-Libre P&P;5,78 EUR;+ 16,50 EUR de envío estimado;desde Reino Unido;
Formula One 04-PlayStation 2-Black Label-Completo-Probado;5,24 EUR;+ 16,49 EUR de envío estimado;desde Reino Unido;
