Bravo Air Race (Sony PlayStation 1, 1997) BLACK LABEL COMPLETE;6,89 EUR;+4,31 EUR shipping;from United States;
Bravo Air Race: Playstation 1;7,36 EUR;Free shipping;from United States;
Bravo Air Race (Sony PlayStation 1, 1997) PS1 - Disc Only - Tested & Working;5,99 EUR;Free shipping;from United States;
Bravo Air Race (PlayStation 1 PS1) - Disc Only - Tested;4,30 EUR;+3,84 EUR shipping;from United States;
Bravo Air Race Playstation 1 Game PS1 Used;6,90 EUR;Free shipping;from United States;
Bravo Air Race SONY PLAYSTATION 1 PS1 Game Tested Working COMPLETE CIB;13,90 EUR;Free shipping;from United States;
Bravo Air Race (PlayStation 1, PS1) Disc Only - Tested - Fast Free Shipping!;6,89 EUR;Free shipping;from United States;
Bravo Air Race [Playstation];9,99 EUR;Free shipping;from United States;
Bravo Air Race (Sony PlayStation 1, 1997);5,13 EUR;Free shipping;from United States;
Bravo Air Race - PS1 PS2 Playstation Game Only;5,02 EUR;+2,54 EUR shipping;from United States;
Bravo Air Race (Sony PlayStation 1, 1997) Complete With Manual.;9,49 EUR;+2,75 EUR shipping;from United States;
Bravo Air Race (Sony PlayStation 1, 1997);8,61 EUR;Free shipping;from United States;
Recipro Heat 5000 / Bravo Air Race PlayStation PS1 Japan Import Game US Seller;17,24 EUR;Free shipping;from United States;
 Bravo Air Race (Game Only) Playstation PS1 Fast Shipping;6,86 EUR;Free shipping;from United States;
Bravo Air Race PS1 Playstation Game;12,07 EUR;+4,30 EUR shipping;from United States;
Bravo Air Race: Playstation 1;7,35 EUR;+3,44 EUR shipping;from United States;
Bravo Air Race Sony Playstation PS1 THQ 1997;11,20 EUR;+4,48 EUR shipping;from United States;
Bravo Air Race PS1 Disc Only Tested Sony PlayStation 1 Ps1 Game Good THQ 1997;6,89 EUR;Free shipping;from United States;
Ball Blazer Champions + Bravo Air Race (Sony PlayStation 1, 1997) PS1 CIB Bundle;25,86 EUR;+5,39 EUR shipping;from United States;
Bravo Air Race (Sony PlayStation 1, 1997) DISK ONLY - TESTED!!!!;6,60 EUR;+9,18 EUR shipping;from United States;
Bravo Air Race (Sony PlayStation 1, 1997) COMPLETE TESTED WORKING ;8,84 EUR;+6,80 EUR shipping;from Canada;
Bravo Air Race (Sony PlayStation 1, 1997);10,35 EUR;+2,75 EUR shipping;from United States;
Bravo Air Race (Sony PlayStation 1, 1997);6,90 EUR;+3,88 EUR shipping;from United States;
Bravo Air Race Instruction Booklet ONLY! (Playstation, PS1);6,03 EUR;Free shipping;from United States;
Bravo Air Race PS1 Playstation 1 PS One Instruction Manual Only;2,58 EUR;+1,72 EUR shipping;from United States;
PS1 Bravo Air Race Manual and Disc Only Sony PLAYSTATION 1 - Tested;11,17 EUR;Free shipping;from United States;
Bravo Air Race PS1 Disc Only Tested Sony PlayStation 1 Ps1 Game Good THQ 1997;7,11 EUR;Free shipping;from United States;
