Big Air giochi PlayStation 1 ps1 PAL ITA ;6,00 EUR;Envío no especificado;desde Italia;
Big Air-PS1 (Sony Playstation 1) COMPLETA (PAL) Black Label;4,66 EUR;+ 16,47 EUR de envío estimado;desde Reino Unido;
Tony Hawk shred: Big Air bigger trucos-PlayStation 3 ps3 OVP + instrucciones ❎ nuevo ❎;7,99 EUR;+ 19,99 EUR de envío;desde Alemania;
Tony Hawk Shred Big Air más grande trucos Juego Playstation 3 con instrucciones PS3;5,84 EUR;+ 17,51 EUR de envío;desde Reino Unido;
Big Air-SONY PLAYSTATION PSONE PS1 disco de juego solamente!;3,47 EUR;+ 11,66 EUR de envío;desde Reino Unido;
Big Air ps1 Nuevo Precintado PAL Versión Sony Playstation 1;52,53 EUR;+ 7,01 EUR de envío;desde Reino Unido;
Big Air PlayStation 1 ps one PSX ps1 juego Sony OVP cib;7,90 EUR;Envío no especificado;desde Alemania;
Big Air (Sony PlayStation 1/ps1, 1999);34,99 EUR;Envío no especificado;desde Alemania;
* Sólo Disco * Big Air Playstation 1 One PS1 PSOne PS PSX;8,11 EUR;Envío no especificado;desde Reino Unido;
Big Air New OVP ps1 nuevo PSOne (Sony PlayStation 1, 1999);39,95 EUR;Envío no especificado;desde Alemania;
PlayStation: Big Air Snowboard videojuegos;4,29 EUR;Envío gratis;desde Estados Unidos;
Tony Hawk Shred Big Air Sony Playstation 3 PS3 Controlador de Juego Y Patineta * Nuevo;34,48 EUR;+ 17,68 EUR de envío;desde Estados Unidos;
Tony Hawk Shred Big Air Sony Playstation 3 PS3 Controlador de Juego Y Patineta;51,74 EUR;+ 19,72 EUR de envío;desde Estados Unidos;
Big Air (Sony PlayStation 1, 1999);6,03 EUR;Envío gratis;desde Estados Unidos;
Big Air Playstation PS1 Video Juego Completo Probado Y Funcionando;6,03 EUR;Envío gratis;desde Estados Unidos;
Big Air PS1 disco solamente (Sony PlayStation 1, 1999);4,30 EUR;Envío gratis;desde Estados Unidos;
SSX (Sony PlayStation 2) PS2 Disco de Juego & Black Label caso Snowboard Big Air;5,35 EUR;Envío gratis;desde Estados Unidos;
Playstation 1 Juegos Lote Paquete; sin probar; Nfl, Mlb, Big Air, billar, Deportes;21,55 EUR;Envío gratis;desde Estados Unidos;
Big Air (Sony PlayStation 1, 1999) mal Estado Ver Fotos Sin Probar;0,85 EUR;+ 4,40 EUR de envío;desde Estados Unidos;
Big Air - Sony PlayStation 1 PS1 - Complete & Tested;6,80 EUR;+ 7,25 EUR de envío;desde Canadá;
Big Air Playstation PS1 video juego ~ Estante 1F;6,90 EUR;Envío gratis;desde Estados Unidos;
Big Air Playstation 1 Juego Completo PS1 Usado;6,90 EUR;Envío gratis;desde Estados Unidos;
Big Air Playstation PS1 video juego completo y probado!;4,30 EUR;+ 2,75 EUR de envío;desde Estados Unidos;
Tony Hawk: Shred Big Air (Sony PlayStation 3, 2010) Nuevo Sellado!! PS3;8,58 EUR;+ 3,41 EUR de envío;desde Estados Unidos;
Big Air Playstation PS1 video juego completo y probado!;4,30 EUR;+ 4,48 EUR de envío;desde Estados Unidos;
Tony Hawk Shred Big Air más grande trucos PS3 PLAYSTATION 3 disco de juego solamente;6,03 EUR;+ 4,48 EUR de envío;desde Estados Unidos;
Tony Hawk Shred Big Air! PS3 juego video juego Skateboarding Activision Station 3;2,58 EUR;+ 4,53 EUR de envío;desde Estados Unidos;
Big Air PS1 Sony PlayStation New Sellado de fábrica;49,14 EUR;Envío gratis;desde Estados Unidos;
Big Air PLAYSTATION 1 Brand New Sealed PS1 Pal Ultra RARE;55,07 EUR;+ 18,78 EUR de envío;desde Australia;
Big Air Playstation PS1 video disco de juego solamente;1,13 EUR;+ 3,27 EUR de envío;desde Estados Unidos;
Big Air PlayStation 1 PS1 PSX Black Label Nuevo * sello holográfico/Sin Envoltura;8,58 EUR;+ 5,13 EUR de envío;desde Estados Unidos;
Big Air (Sony PlayStation 1, 1999) PS1;6,03 EUR;Envío gratis;desde Estados Unidos;
Big Air (Sony PlayStation 1, 1999) PS1 Completo con Manual;5,17 EUR;+ 5,17 EUR de envío;desde Estados Unidos;
Big Air Playstation 1 juego PS1 Usado;5,17 EUR;Envío gratis;desde Estados Unidos;
Big Air (Sony PlayStation 1, 1999 PS1)-Complete;13,27 EUR;+ 4,08 EUR de envío;desde Canadá;
Big Air-PlayStation-Probado-muy rayado;4,31 EUR;Envío gratis;desde Estados Unidos;
Big Air (Sony PlayStation 1, 1999) Complete ;10,17 EUR;+ 10,20 EUR de envío;desde Canadá;
Big Air Playstation PS1 video juego completo y probado!;4,31 EUR;Envío gratis;desde Estados Unidos;
Big Air (Sony PlayStation 1, 1999) PS1;6,86 EUR;Envío gratis;desde Estados Unidos;
Big Air (Sony PlayStation 1, 1999) * COMPLETO *;16,45 EUR;+ 4,24 EUR de envío;desde Estados Unidos;
Big Air (Sony Playstation 1, 1999);4,30 EUR;Envío gratis;desde Estados Unidos;
* Sony Playstation Juego * Big Air * One PS1;8,14 EUR;+ 3,50 EUR de envío;desde Reino Unido;
Big Air (Sony PlayStation 1, 1999) Completo;4,14 EUR;+ 4,53 EUR de envío;desde Estados Unidos;
Big Air (Playstation Ps1) Black Label Juego Completo Excelente!;4,27 EUR;+ 4,74 EUR de envío;desde Estados Unidos;
Big Air PS1 disco solamente (Sony PlayStation 1, 1999);3,44 EUR;Envío gratis;desde Estados Unidos;
Big Air (Sony PlayStation 1, 1999) PS1 PSX;6,04 EUR;Envío gratis;desde Estados Unidos;
Big Air Tested Playstation 1 PS1 PSX;5,44 EUR;+ 2,71 EUR de envío;desde Canadá;
PS3 PLAYSTATION 3 juego Tony Hawk Shred Big Air trucos más grande nuevo sello roto;8,61 EUR;Envío gratis;desde Estados Unidos;
Big Air (Playstation Ps1) Snowboard Juego Completo Bonito!;3,41 EUR;+ 4,74 EUR de envío;desde Estados Unidos;
Sony PLAYSTATION Un Jeu Big Air PS1;11,65 EUR;Envío internacional gratis;desde Reino Unido;
Big Air (Sony PlayStation 1, 1999) Completo;4,31 EUR;+ 4,57 EUR de envío;desde Estados Unidos;
Big Air (Sony PlayStation 1, 1999) Disco Solamente;3,44 EUR;+ 3,44 EUR de envío;desde Estados Unidos;
Big Air-PS1 - * disco solamente * - Pal Version-probado Black Label;4,61 EUR;+ 16,47 EUR de envío estimado;desde Reino Unido;
