Aquanaut's Holiday Video Game for Sony PlayStation PS1 JAPANESE 00060;9,33 EUR;+16,56 EUR shipping estimate;from United Kingdom;
Aquanaut's Holiday Memories of Summer - Jeu Playstation PS1 JAP Japan JPN;1,90 EUR;+3,80 EUR shipping;from France;
The Aquanaut's Holiday Jeu Sony Playstation 1 Occasion Version NTSC-J (Japon);8,99 EUR;+6,00 EUR shipping;from France;
The Aquanaut's Holiday - PS1 Playstation 1 sony - Jap. - ;10,00 EUR;Shipping not specified;from France;
Aquanaut's Holiday: Hidden Memories (PlayStation 3) - Korean-EnglishÂ  BRAND NEW!;862,33 EUR;+4,74 EUR shipping;from United States;
New ListingAquanaut's Holiday ðŸ¤¿ RARE Sony PlayStation 1 1996 Release PS1;43,12 EUR;Free shipping;from United States;
NEW Factory Sealed! Aquanaut's Holiday PS1 Sony PlayStation Y-fold Hangtag RARE;194,02 EUR;+3,84 EUR shipping;from United States;
Aquanaut's Holiday (Sony PlayStation 1 PS1, 1996) COMPLETE CIB Tested & Cleaned!;41,38 EUR;Free shipping;from United States;
Aquanaut's Holiday PS1 Playstation 1 Complete ;40,53 EUR;from United States;
Aquanaut's Holiday (Sony PlayStation 1 PS1, 1996) With Booklet Tested & Works;43,12 EUR;Free shipping;from United States;
Aquanaut's Holiday w/spine (Sony PlayStation 1, 1996) from japan;8,02 EUR;+6,04 EUR shipping;from Japan;
PS3 Aquanaut's Holiday PlayStation 3 Record that has been hidden Japan Game ;64,04 EUR;+17,07 EUR shipping;from Japan;
Used PS3 Aquanaut's Holiday Import Japan Game Sony PlayStation 3 Shipping Free;22,84 EUR;Free International Shipping;from Japan;
Used PS3 Aquanaut's Holiday Import Japan Game Sony PlayStation 3 nature;14,75 EUR;+10,35 EUR shipping;from Japan;
Aquanaut's Holiday  PS1 Playstation 1 Japan Import Near Mint US SELLER;6,88 EUR;+2,59 EUR shipping;from United States;
Used PS3 Aquanaut's Holiday Import Japan Game Sony PlayStation 3;14,96 EUR;+8,19 EUR shipping;from Japan;
PS3 Aquanaut's Holiday game soft PlayStation 3 with Tracking# New from Japan;90,43 EUR;Free International Shipping;from Japan;
Aquanaut's Holiday Aquanauts PS3 Sony Playstation 3 From Japan;30,61 EUR;+9,49 EUR shipping;from Japan;
Used PS3 Aquanaut's Holiday Import Japan Game Sony PlayStation 3 Free Shipping;22,41 EUR;+11,21 EUR shipping;from Japan;
The Aquanaut's Holiday - PlayStation PS1 NTSC-J Japan Game;28,13 EUR;+15,02 EUR shipping;from Australia;
PS1 The Aquanaut's Holiday Sony PlayStation Game Import JAPAN #SLPS-00060;6,03 EUR;+10,35 EUR shipping;from Japan;
Used PS3 Aquanaut's Holiday Import Japan Game Sony PlayStation 3 Shipping Free;30,10 EUR;Free International Shipping;from Japan;
USED PS1 PlayStation 1 Aquanaut's Holiday 2 00372 JAPAN IMPORT;12,64 EUR;+3,62 EUR shipping;from Japan;
 Aquanaut's Holiday Memories of Summer Playstation JapanGame In stock ;8,62 EUR;+17,25 EUR shipping;from Japan;
Aquanaut's Holiday: Kakusareta Kiroku PlayStation3 Japan Version;35,22 EUR;Free International Shipping;from Japan;
Aquanaut's Holiday PS3 Sony Sony PlayStation 3 From Japan;14,79 EUR;+12,50 EUR shipping;from Japan;
The Aquanaut's Holiday "Good Condition" Sony PS1 Playstation Japan;21,95 EUR;+12,07 EUR shipping;from Japan;
The Aquanaut's Holiday Sony PlayStation 1 PS1 Japan;7,75 EUR;+7,76 EUR shipping;from Japan;
PS3 Aquanaut's Holiday Import Japan Game Sony PlayStation 3 nature;66,40 EUR;Free International Shipping;from Japan;
The Aquanaut's Holiday SONY Play Station 1;0,01 EUR;+17,25 EUR shipping;from Japan;
USED PS1 PlayStation 1 Aquanaut's Holiday 2;11,21 EUR;+6,90 EUR shipping;from Japan;
PS1 PlayStation 1 Aquanaut's Holiday 2;13,85 EUR;+12,50 EUR shipping;from Japan;
INCOMPLETE Aquanaut's Holiday 2 Article JAPANESE Print Ad Game Poster Art PS1;12,93 EUR;+4,30 EUR shipping;from United States;
PS3 Aquanaut's Holiday Japan PlayStation 3;18,95 EUR;+12,93 EUR shipping;from Japan;
Aquanaut's Holiday PS3 Sony Sony PlayStation 3 From Japan;13,71 EUR;+17,25 EUR shipping;from Japan;
Aquanaut's Holiday PS3 Sony Sony PlayStation 3 From Japan;30,53 EUR;Free International Shipping;from Japan;
Used PS3 Aquanaut's Holiday Sony PlayStation 3 Japanese from JAPAN OFFICIAL;47,52 EUR;+12,93 EUR shipping;from Japan;
(Used) Aquanaut's Holiday 1996 Official Guide game Japanese Guide Book;40,08 EUR;+26,85 EUR shipping;from Japan;
