Jeu Constructor Construction Meets Corruption VF PlayStation 4 PS4 NEUF Blister;14,99 EUR;+ 8,95 EUR de envío;desde Francia;
Constructor-Sony Playstation PS4 Tycoon Disco de Juego-envío rápido! en muy buena condición!;9,28 EUR;+ 18,34 EUR de envío estimado;desde Reino Unido;
Constructor Plus-PS4 Juego-PlayStation 4-Gratis, Rápido P&P!;58,36 EUR;+ 6,83 EUR de envío;desde Reino Unido;
Constructor - PlayStation 1 (Ps1);10,90 EUR;+ 9,50 EUR de envío;desde Francia;
Constructor - Jeu Sony Playstation 4 PS4 (FR) - PAL - NEUF;11,90 EUR;+ 5,50 EUR de envío;desde Francia;
Constructor + Memory Card - Sony Playstation 1 PS1 - Complet - PAL FRA - TBE;42,90 EUR;+ 24,90 EUR de envío;desde Francia;
Constructor más raros-PlayStation 4 PS4 PS5;61,87 EUR;+ 11,66 EUR de envío;desde Reino Unido;
Constructor - Construction meets corruption - Sony PlayStation 4/Ps4 - Neuf ;13,39 EUR;+ 3,00 EUR de envío;desde Francia;
Constructor Sony Playstation 4 PS4 BOXED PAL;9,33 EUR;+ 19,12 EUR de envío estimado;desde Reino Unido;
Constructor para PlayStation 1/ps1;5,99 EUR;+ 9,99 EUR de envío;desde Alemania;
Constructor FRA - Playstation 4 (Ps4) Neuf Sous Blister;9,90 EUR;+ 9,50 EUR de envío;desde Francia;
Jeu Constructor Construction Meets Corruption NEUF Français Sony PlayStation 4;10,99 EUR;+ 5,90 EUR de envío;desde Francia;
Constructor PS1 PlayStation 1 COMPLETO PAL;8,16 EUR;+ 16,53 EUR de envío estimado;desde Reino Unido;
Playstation PS1:Constructor [TOP ACCLAIM & 1ERE EDITION] COMPLET - Fr;12,90 EUR;+ 5,80 EUR de envío;desde Francia;
Constructor Playstation 1 psx Psone Ps1 Used ;12,00 EUR;+ 9,00 EUR de envío;desde Portugal;
Constructor - Jeu Sony Playstation PS1 COMPLET TBE;14,90 EUR;+ 12,99 EUR de envío;desde Francia;
Constructor für Sony Playstation / PS1;12,99 EUR;+ 15,10 EUR de envío;desde Austria;
Constructor für Playstation 1 / PS1;12,99 EUR;+ 15,10 EUR de envío;desde Austria;
Constructor für Sony Playstation / PS1;12,99 EUR;+ 15,10 EUR de envío;desde Austria;
Constructor PLAYSTATION 1 PS1 PS 2 Ultra Raro;19,84 EUR;+ 12,84 EUR de envío;desde Reino Unido;
Dragon Quest Constructores 2 PS4 PLAYSTATION 4;22,73 EUR;Envío internacional gratis;desde Reino Unido;
Constructor-Sony Playstation PS1;46,69 EUR;+ 20,97 EUR de envío estimado;desde Reino Unido;
Constructor (Sony PlayStation) PS1 PAL Reino Unido europeo;6,90 EUR;+ 12,93 EUR de envío;desde Grecia;
Constructor - Playstation 1 - PS1;11,01 EUR;+ 19,95 EUR de envío;desde Países Bajos;
Constructor PlayStation 1 PS1 Video Juego Gratis P&P;5,83 EUR;+ 16,50 EUR de envío estimado;desde Reino Unido;
Vintage Constructor (Sony Playstation 1, 1998);23,34 EUR;+ 19,73 EUR de envío estimado;desde Reino Unido;
Constructor (Sony PlayStation 1);12,83 EUR;+ 7,46 EUR de envío;desde Reino Unido;
Constructor  PS4  Playstation 4;4,00 EUR;+ 15,00 EUR de envío;desde Italia;
Constructor Original Black Label SONY PLAYSTATION PSONE PS1 PS2 PAL;6,99 EUR;+ 9,91 EUR de envío;desde Reino Unido;
Constructor PS1 (Sony PlayStation 1, 1998) en caja y las instrucciones;6,41 EUR;+ 20,58 EUR de envío estimado;desde Reino Unido;
PS1 / Playstation 1 - Constructor dans l'emballage très bonne condition utilisé;16,99 EUR;Envío internacional gratis;desde Alemania;
Bridge Constructor Compilation neuf version française Playstation 4 PS4;9,99 EUR;+ 35,00 EUR de envío;desde Francia;
PS1 / Sony Playstation 1 gioco - Constructor nell'imballaggio ottimo stato usato;20,99 EUR;Envío internacional gratis;desde Alemania;
Mob Rule / Street Wars Constructor Underworld Old Promo Poster / Ad Art Framed ;37,34 EUR;+ 14,96 EUR de envío;desde Alemania;
