PS1ðŸ’ŽGauntlet LegendsðŸ’ŽPlaystation Game with ManualðŸ’Ž;10,86 EUR;+23,29 EUR shipping;from United Kingdom;
Gauntlet Legends PS1 Play Station PAL;29,95 EUR;+19,95 EUR shipping;from Spain;
Gauntlet Legends Midway PlayStation One PS1 Good Condition Manual Incl UK PAL;8,50 EUR;+6,99 EUR shipping;from United Kingdom;
Gauntlet Legends PS1 Playstation 1 PSX CIB PAL DE;29,90 EUR;+10,00 EUR shipping;from Germany;
Gauntlet Legends PlayStation 1 PAL NEW SEALED;39,00 EUR;+10,00 EUR shipping;from Slovakia;
Gauntlet Legends *Disc, Manual & Front Only* Sony PlayStation 1 PS1 PAL;6,41 EUR;+16,50 EUR shipping estimate;from United Kingdom;
Gauntlet Legends Midway PlayStation One PS1 Good Condition Manual Incl UK PAL;11,62 EUR;+16,60 EUR shipping estimate;from United Kingdom;
Gauntlet Legends Sony Playstation PS1 PAL Complete Classics Release;9,33 EUR;+20,00 EUR shipping estimate;from United Kingdom;
PS1 Gauntlet Legends SEALED/NEW/NEW/NEUF-Playstation 1;59,99 EUR;+13,99 EUR shipping;from Germany;
Gauntlet Legends- PlayStation 1 Manual - Manual Only- Ps1;2,32 EUR;+17,58 EUR shipping estimate;from United Kingdom;
PS1 Gauntlet Legends SEALED/NEW/NEW/NEUF-Playstation 1;179,99 EUR;+13,99 EUR shipping;from Germany;
Gauntlet Legends *Disc Only* Sony PlayStation 1 PS1 PAL;5,59 EUR;+16,49 EUR shipping estimate;from United Kingdom;
***DISK ONLY*** Gauntlet Legends Playstation 1 One PS1 PSOne PS;11,62 EUR;+16,60 EUR shipping estimate;from United Kingdom;
Gauntlet Legends Playstation 1 Game;5,84 EUR;+20,58 EUR shipping estimate;from United Kingdom;
Gauntlet Legends (Sony PlayStation 1, 2000) complete vgc ;8,74 EUR;+16,54 EUR shipping estimate;from United Kingdom;
Gauntlet Legends  PS1 Game Playstation  Black Label ;9,28 EUR;+7,01 EUR shipping;from United Kingdom;
Gauntlet Legends Midway Classics Sony PlayStation 1 Cult Videogame *No Manual*;5,20 EUR;+16,49 EUR shipping estimate;from United Kingdom;
Gauntlet Legends | Sony PlayStation 1 | PSOne | 2000;17,50 EUR;+20,78 EUR shipping estimate;from United Kingdom;
Playstation 1 Ps1 Gauntlet Legends;9,33 EUR;+16,56 EUR shipping estimate;from United Kingdom;
Gauntlet Legends PlayStation PS1 Game UK PAL USED;5,83 EUR;+18,82 EUR shipping estimate;from United Kingdom;
Gauntlet Legends ps1 game complete playstation fast post ps1 fast post rpg;14,01 EUR;+18,27 EUR shipping estimate;from United Kingdom;
Gauntlet Legends | Sony Playstation 1 PS1 | Complete in Original Box | NEW New Sealed;69,90 EUR;Shipping not specified;from Germany;
Gauntlet Legends - Sony PlayStation 1, PS1, PSone;9,33 EUR;Shipping not specified;from United Kingdom;
