Nuevo anuncioPlaystation 1 ps1 Deathtrap Dungeon el disco está en buen estado;10,51 EUR;+ 18,33 EUR de envío estimado;desde Reino Unido;
Sony PlayStation 1 PS1 PAL JUEGO-Deathtrap Dungeon-Completo Caja Y Manuales;22,17 EUR;+ 16,79 EUR de envío estimado;desde Reino Unido;
Deathtrap Dungeon PlayStation PS1 en Caja Con Manual Y Embutido Set B PAL juego UK;27,88 EUR;+ 16,89 EUR de envío estimado;desde Reino Unido;
PS1 Playstation Bestiario Deathtrap Dungeon FOLLETO solamente.;9,92 EUR;+ 21,27 EUR de envío estimado;desde Reino Unido;
Deathtrap Dungeon con Bestiario-Sony Playstation 1 PS1-PAL-COMPLETO;15,87 EUR;+ 16,67 EUR de envío estimado;desde Reino Unido;
Deathtrap Dungeon PS1 Sony Playstation probado sólo disco PAL;8,76 EUR;+ 16,54 EUR de envío estimado;desde Reino Unido;
Deathtrap Dungeon. PS1 Juego. completa con Bestiario. (PAL), PlayStation One;22,12 EUR;+ 7,53 EUR de envío;desde Reino Unido;
Deathtrap Dungeon + Soulblade PS1 PlayStation 1;18,67 EUR;+ 16,73 EUR de envío estimado;desde Reino Unido;
Ian Livingstone's Deathtrap Dungeon-PS1-Playstation 1-asilo-Ver Foto;10,51 EUR;+ 21,28 EUR de envío estimado;desde Reino Unido;
Deathtrap Dungeon PLAYSTATION 1 PS1 PS2 Raro;22,17 EUR;+ 12,84 EUR de envío;desde Reino Unido;
Deathtrap Dungeon PlayStation 1 Juego,;17,50 EUR;+ 19,03 EUR de envío estimado;desde Reino Unido;
Ian livenstone's Deathtrap Dungeon Playstation 1 Juego. Eidos. PAL región.;21,02 EUR;+ 19,16 EUR de envío estimado;desde Reino Unido;
Console Game Play Gioco PS1 Playstation PSOne PSX PAL Italiano Deathtrap Dungeon;24,00 EUR;+ 16,00 EUR de envío;desde Italia;
*CD Seul* - Deathtrap Dungeon - PlayStation 1 PS1 - PAL;5,90 EUR;+ 5,70 EUR de envío;desde Francia;
Deathtrap Dungeon con Bestiario Sony Playstation 1 en muy buena condición;25,67 EUR;+ 7,46 EUR de envío;desde Reino Unido;
PS1 / Playstation 1 - Deathtrap Dungeon en el embalaje embalage estropeado usado;41,99 EUR;Envío internacional gratis;desde Alemania;
Deathtrap Dungeon (Sony Playstation 1, 1998);22,17 EUR;+ 19,71 EUR de envío estimado;desde Reino Unido;
Deathtrap Dungeon de vídeo juego para Playstation 1 PS1 GRATIS UK FRANQUEO disco solamente;8,10 EUR;+ 16,53 EUR de envío estimado;desde Reino Unido;
Playstation 1 Deathtrap Dungeon Ps1 Juego Ian Livingstone;23,34 EUR;+ 21,52 EUR de envío estimado;desde Reino Unido;
Deathtrap Dungeon PS1 Sony Playstation PAL completa probada Gratis P + P;15,12 EUR;+ 8,17 EUR de envío;desde Reino Unido;
Deathtrap Dungeon - Sony Playstation PS1 PSX PAL;14,90 EUR;+ 40,00 EUR de envío;desde Italia;
Deathtrap Dungeon - Sony Playstation PS1 PSX PAL SPESE GRATIS;17,90 EUR;+ 40,00 EUR de envío;desde Italia;
Notice de Deathtrap Dungeon Le Bestiaire pour Playstation 1 PS1 - Floto Games;7,90 EUR;Envío no especificado;desde Francia;
Deathtrap Dungeon Sony PlayStation 1 PS1 CD + notice + bestiaire;7,99 EUR;Envío no especificado;desde Francia;
Deathtrap Dungeon Sony Playstation 1 Pal;5,00 EUR;Envío no especificado;desde Italia;
Deathtrap Dungeon Ps1 Playstation 1 ITA;10,00 EUR;Envío no especificado;desde Italia;
Vintage Deathtrap Dungeon (Sony PlayStation 1, 1998);29,18 EUR;+ 24,54 EUR de envío estimado;desde Reino Unido;
