Jeu MotorStorm Apocalypse Platinum [VF] sur PlayStation 3 / PS3 NEUF Blister;24,99 EUR;+ 8,95 EUR de envío;desde Francia;
Motorstorm Apocalypse PS3 Playstation 3 ** GRATIS UK FRANQUEO **;11,66 EUR;+ 2,92 EUR de envío;desde Reino Unido;
Playstation 3 PS3 Motorstorm Apocalypse Completa Disco reformado;9,28 EUR;+ 16,56 EUR de envío estimado;desde Reino Unido;
Werewolf: the Apocalypse-earthblood-ps5/PlayStation 5-nuevo & OVP;36,89 EUR;+ 4,90 EUR de envío;desde Alemania;
X-Men Legends 2: Rise of the Apocalypse | PlayStation 2 | PS2 | Sony | PAL;5,84 EUR;+ 18,63 EUR de envío estimado;desde Reino Unido;
Motorstorm Apocalypse PS3 Playstation 3 Rare Promo Disco Juego Completo * Free UK Post *;10,50 EUR;+ 2,92 EUR de envío;desde Reino Unido;
Lord of Apocalypse japonés | PS Vita | PlayStation | usado OVP;29,99 EUR;+ 15,00 EUR de envío;desde Alemania;
Werewolf: the Apocalypse-earthblood-ps4/PlayStation 4-nuevo & OVP;46,89 EUR;+ 4,90 EUR de envío;desde Alemania;
Motorstorm Apocalypse PS3 Playstation 3 ** GRATIS UK FRANQUEO ** Completo con Manual;12,82 EUR;+ 16,61 EUR de envío estimado;desde Reino Unido;
Motorstorm Apocalypse PS3 Playstation 3 Reino Unido PAL sellado de fábrica;23,29 EUR;+ 14,01 EUR de envío;desde Reino Unido;
Motorstorm Apocalypse PS3 Playstation 3 | Completo con Manual | GRATIS UK FRANQUEO;11,62 EUR;+ 16,60 EUR de envío estimado;desde Reino Unido;
Motorstorm Apocalypse-ps3/Sony Playstation 3;10,16 EUR;+ 7,59 EUR de envío;desde Reino Unido;
PSP PlayStation Portable X-Men Legends II Rise of Apocalypse 2 con embalaje original + instrucciones;13,90 EUR;+ 8,99 EUR de envío;desde Alemania;
Motor Storm Apocalypse -- Playstation 3 PS3 -- vendedor del Reino Unido --;8,04 EUR;+ 15,17 EUR de envío;desde Reino Unido;
Motorstorm Apocalypse Platino PS3 PlayStation 3 COMPLETO PAL;6,99 EUR;+ 16,51 EUR de envío estimado;desde Reino Unido;
X-Men Legends II (2): Rise of Apocalypse PLAYSTATION 2 PS2 PAL JUEGO COMPLETO;9,33 EUR;+ 16,56 EUR de envío estimado;desde Reino Unido;
Motorstorm Apocalypse PS3 PlayStation 3 Video Juego Perfecto estado UK release;17,50 EUR;+ 16,71 EUR de envío estimado;desde Reino Unido;
Motorstorm Apocalypse PS3 Playstation 3 | Completo con Manual;5,83 EUR;+ 32,82 EUR de envío estimado;desde Reino Unido;
Motorstorm Apocalypse Sony PlayStation 3 PS3 Video Juego Completo GRATIS UK FRANQUEO;8,16 EUR;+ 19,68 EUR de envío estimado;desde Reino Unido;
Motorstorm Apocalypse (PlayStation 3) sellado de fábrica región libre Sony-Tira NUEVO;35,01 EUR;+ 9,34 EUR de envío;desde Rusia;
MotorStorm-Apocalypse [Essentials] - [PlayStation 3] [video game];31,90 EUR;+ 7,50 EUR de envío;desde Alemania;
Lord of Apocalypse Sony PlayStation Portable PSP Japan Import;20,99 EUR;+ 18,50 EUR de envío;desde España;
Motorstorm Apocalypse (Sony Playstation PS3) PEGI 16+ Racing: off road Libre P&P;6,99 EUR;+ 16,51 EUR de envío estimado;desde Reino Unido;
Motorstorm Apocalypse Sony Playstation 3 juego PS3;9,33 EUR;+ 21,02 EUR de envío;desde Reino Unido;
Motorstorm Apocalypse Promo Disco PS3 Sony PlayStation 3 Coleccionable Rara;12,78 EUR;+ 14,01 EUR de envío;desde Reino Unido;
Apocalypse - PS1 Loose Version Française PlayStation Sony;11,95 EUR;+ 8,00 EUR de envío;desde Francia;
PS3 Motor Storm Apocalypse Playstation 3 Juego;11,68 EUR;+ 16,60 EUR de envío estimado;desde Reino Unido;
Motorstorm Apocalypse PS3 Playstation 3 ** GRATIS UK FRANQUEO **;12,83 EUR;+ 17,51 EUR de envío;desde Reino Unido;
Motorstorm Apocalypse PS3 Playstation 3 gastos de envío gratis;11,62 EUR;+ 16,60 EUR de envío estimado;desde Reino Unido;
Motorstorm Apocalypse PS3 Playstation 3;9,92 EUR;+ 18,35 EUR de envío estimado;desde Reino Unido;
Motor Storm Apocalypse Juego de copia de revisión para Playstation 3 Consolas PS3 Promo Set;34,97 EUR;+ 17,02 EUR de envío estimado;desde Reino Unido;
Motorstorm Apocalypse PS3 Playstation 3 Perfecto Estado rápida Libre Post;14,59 EUR;+ 16,65 EUR de envío estimado;desde Reino Unido;
Jeu Rare Motorstorm Apocalypse - PS3 PlayStation En Bon État Fr;10,90 EUR;+ 8,00 EUR de envío;desde Francia;
