Sony Playstation 1 Terry Pratchett Discworld juego y guía completa;80,56 EUR;+ 26,64 EUR de envío estimado;desde Reino Unido;
Terry Pratchett'S Discworld ~ PAL PlayStation 1 PAL;93,39 EUR;+ 7,01 EUR de envío;desde Reino Unido;
Terry Pratchett Discworld juego de Playstation 1 guía de estrategia con mapa;22,18 EUR;+ 31,20 EUR de envío estimado;desde Reino Unido;
Discworld 2 Mundo Disco PS1 Play Station Playstation PAL ESPAÑOL;79,95 EUR;+ 19,95 EUR de envío;desde España;
Terry Pratchett'S Discworld Sony PlayStation 1 PS1 PAL en muy buen estado * Sin Tapa *;58,32 EUR;+ 20,89 EUR de envío estimado;desde Reino Unido;
Playstation 1 Terry Pratchett Discworld 2 Juego Completo;57,21 EUR;+ 21,52 EUR de envío estimado;desde Reino Unido;
Sony Playstation 1 Terry Pratchett Discworld Noir Juego;80,56 EUR;+ 26,64 EUR de envío estimado;desde Reino Unido;
Discworld ps1 PlayStation 1 PSX cib pal UE;99,90 EUR;+ 10,00 EUR de envío;desde Alemania;
Terry Pratchett'S Discworld para SONY PLAYSTATION 1 PS1 completa en en muy buena condición;93,39 EUR;+ 21,00 EUR de envío;desde Reino Unido;
Discworld II (Sony Playstation 1 PSX 1997) Completo con Caja;75,00 EUR;+ 12,90 EUR de envío;desde España;
Terry Pratchett'S Discworld-Sony PlayStation 1 (PS1) - PAL;93,40 EUR;+ 22,79 EUR de envío estimado;desde Reino Unido;
Sony Playstation PS1 - Discworld II 2 - Demo - PAL;14,99 EUR;+ 3,60 EUR de envío;desde Francia;
Terry Pratchett'S Discworld alemán, raras (Sony PlayStation 1 PAL) con manual.;75,88 EUR;+ 22,47 EUR de envío estimado;desde Reino Unido;
Discworld Noir - PS1 Loose Version PAL PlayStation Sony;79,95 EUR;+ 9,00 EUR de envío;desde Francia;
Discworld 2 embalaje original (Sony PlayStation 1, 1997);23,50 EUR;+ 19,20 EUR de envío;desde Alemania;
Discworld - PS1 Loose Version PAL PlayStation Sony;59,95 EUR;+ 9,00 EUR de envío;desde Francia;
Euro Demo 16 (Discworld, Actua Soccer) - Promo - Sony PlayStation PS1 - PAL FRA;4,90 EUR;+ 5,80 EUR de envío;desde Francia;
Terry Pratchett'S Discworld Sony Playstation PAL;64,21 EUR;+ 26,35 EUR de envío estimado;desde Reino Unido;
Sony PlayStation 1 ps1 juego Discworld II 2 probablemente desaparecidas + instrucciones Top;44,99 EUR;+ 12,99 EUR de envío;desde Alemania;
Terry Pratchett Discworld 2 juego de Playstation 1 guía de estrategia con mapa;22,18 EUR;+ 31,20 EUR de envío estimado;desde Reino Unido;
