Dancing Stage Party Edition Original Black Label SONY PLAYSTATION PS1 PS2 PAL;5,83 EUR;+ 16,50 EUR de envío estimado;Vendidos  7 sep 2021Artículo vendido;desde Reino Unido;
Dancing Stage Party Edition Sony PlayStation 1 PS1 Juego Completo con Manual;6,99 EUR;+ 16,51 EUR de envío estimado;Vendidos  4 sep 2021Artículo vendido;desde Reino Unido;
Dancing Stage Party Edition & Euromix/Disco Paquete/Playstation 1 PS1 PS2;4,48 EUR;+ 21,17 EUR de envío estimado;Vendidos  14 ago 2021Artículo vendido;desde Reino Unido;
Dancing Stage Party Edition Sony PlayStation 1 PS1 PSX PSONE Disco de Juego en Caja;1,16 EUR;+ 4,66 EUR de envío;Vendidos  12 ago 2021Artículo vendido;desde Reino Unido;
Dancing Stage Party Edition Sony PlayStation 1 PS1 PSX PSONE Disco de Juego en Caja;1,16 EUR;+ 4,66 EUR de envío;Vendidos  8 ago 2021Artículo vendido;desde Reino Unido;
Dancing Stage Party Edition PlayStation 1 PS1 Video Juego Gratis P&P;4,66 EUR;+ 16,47 EUR de envío estimado;Vendidos  30 jul 2021Artículo vendido;desde Reino Unido;
Dancing Stage Party Edition Sony Playstation 1 PS1 3+ juego de música;3,49 EUR;+ 18,59 EUR de envío estimado;Vendidos  28 jul 2021Artículo vendido;desde Reino Unido;
Dancing Stage Party Edition Playstation 1 PS1 disco reformado;5,83 EUR;+ 16,50 EUR de envío estimado;Vendidos  23 jul 2021Artículo vendido;desde Reino Unido;
Dancing Stage Party Edition Sony Playstation 1 PS1 3+ juego de música Konami Platinum;6,99 EUR;+ 21,88 EUR de envío;Vendidos  12 jul 2021Artículo vendido;desde Reino Unido;
Dancing Stage Party Edition PS1 Juego UK PAL USADO;3,88 EUR;+ 16,46 EUR de envío estimado;Vendidos  27 sep 2021Artículo vendido;desde Reino Unido;
