Sony PS1 Playstation - Arc the Lad II - Versión JAPÓN + SPINE CARD;17,90 EUR;+ 17,90 EUR de envío;desde España;
Sony PS1 Playstation - Arc the Lad - Japanese Version NTSC-J;14,90 EUR;+ 19,90 EUR de envío;desde España;
Arc the Lad III 3 - Sony Playstation PS1 JAP Japan complet (2);9,90 EUR;+ 11,00 EUR de envío;desde Francia;
Sony PS1 Playstation - Arc the Lad - Japanese Version NTSC-J;22,90 EUR;+ 19,90 EUR de envío;desde España;
Arc the Lad II 2 Sony Playstation PS1 PSone Jap NTSC;11,00 EUR;+ 27,00 EUR de envío;desde Francia;
Arc the Lad - PlayStation / PS1 - Avec notice - NTSC-J JAP;9,99 EUR;+ 6,45 EUR de envío;desde Francia;
Arc the Lad III 3 Sony Playstation PS1 PSone Jap NTSC;11,00 EUR;+ 27,00 EUR de envío;desde Francia;
Arc the Lad Sony Playstation PS1 PSone Jap NTSC;11,00 EUR;+ 27,00 EUR de envío;desde Francia;
Arc the Lad Generation PlayStation 2 NTSC-J Japan Import;19,99 EUR;+ 19,50 EUR de envío;desde España;
Arc the Lad PlayStation the Best PlayStation NTSC-J Japan Import;17,99 EUR;+ 18,50 EUR de envío;desde España;
Arc the Lad 3 III PS1 Play Station PSX jap;9,95 EUR;+ 19,95 EUR de envío;desde España;
Arc the Lad 2 PS1 Play Station jap;9,95 EUR;+ 19,95 EUR de envío;desde España;
Flyer Arc the Lad III Poster Chirashi Handbill Sony Playstation PS1 Promo VGC;39,99 EUR;+ 10,95 EUR de envío;desde Francia;
