College Slam (Sony PlayStation 1, 1996)!! Excelente Estado!! probado largo Caja!;11,64 EUR;+4,53 EUR de env칤o;desde Estados Unidos;
College Slam (Sony PlayStation) PS1 * Larga Caja * completo * Ver Fotos;23,27 EUR;Env칤o gratis;desde Estados Unidos;
College Slam (PlayStation, PS1);5,17 EUR;+3,44 EUR de env칤o;desde Estados Unidos;
College Slam Playstation 1 Video Juego En Longbox-PS1-Sony-Nuevo/Sellado;86,22 EUR;desde Estados Unidos;
Nuevo anuncioCollege Slam (Sony PlayStation 1 ps1) Caja completa de largo;21,38 EUR;Env칤o gratis;desde Estados Unidos;
College Slam (Sony PlayStation 1 PS1, 1996) Completo Cartucho en Caja Caja Larga probado limpiado;25,86 EUR;Env칤o gratis;desde Estados Unidos;
College Slam (Sony PlayStation 1, 1996) de largo Caja Completo En Caja;21,55 EUR;Env칤o gratis;desde Estados Unidos;
College Slam Sony Playstation PS1 video disco de juego solamente;11,20 EUR;Env칤o gratis;desde Estados Unidos;
Sucio 5 + College Slam (Sony PlayStation PS1) Longbox -! env칤o Gratis!;30,17 EUR;Env칤o gratis;desde Estados Unidos;
NHL Reeboks (completo) y College Slam (No Manual) PS1 largo Caja PLAYSTATION;18,96 EUR;+5,04 EUR de env칤o;desde Estados Unidos;
College Slam (Sony PlayStation 1, PS1, 1996) ** ** Solo Disco;11,20 EUR;Env칤o gratis;desde Estados Unidos;
College Slam (Sony PlayStation 1, PS1, 1996) ** ** Solo Disco;13,00 EUR;+4,24 EUR de env칤o;desde Estados Unidos;
College Slam (Sony PlayStation 1 Caja de largo, 1996);10,34 EUR;+4,40 EUR de env칤o;desde Estados Unidos;
College Slam (Sony PlayStation 1 Caja de largo, 1996);20,69 EUR;+4,10 EUR de env칤o;desde Estados Unidos;
College Slam (Sony PlayStation 1, PS1, 1996) ** ** solo disco probado 游꾸 游꾸 游꾸 游꾸 游꾸 游꾸 游꾸 游꾸;10,34 EUR;+4,31 EUR de env칤o;desde Estados Unidos;
College Slam baloncesto Saturn Video Juego Playstation Snes anuncio impreso de dos p치ginas;8,58 EUR;+2,54 EUR de env칤o;desde Estados Unidos;
College Slam (Sony PlayStation 1, PS1, 1996) ** ** Solo Disco;13,79 EUR;+3,45 EUR de env칤o;desde Estados Unidos;
